group,task,kind,name,metric,n,mean,std,ci_lo,ci_hi,min,max
main,tfim_N10_g0.25,baseline,Mean-field SGD,rel_energy_error,5,0.06839475122932567,0.15279402031257458,6.286462319593159e-05,0.2050579342569221,6.268520101479315e-05,0.34172100400741123
main,tfim_N10_g0.25,baseline,Mean-field SGD,mz_error,5,0.1568489746983924,0.35061045966032345,4.171544122191229e-05,0.4704447933927076,2.9082778398747955e-05,0.7840400312432234
main,tfim_N10_g0.25,baseline,Mean-field SGD,mx_error,5,0.044720109089934026,0.09969759792672295,7.848646878800824e-05,0.1339062134190808,5.608060598075171e-05,0.22306452487152637
main,tfim_N10_g0.25,baseline,Mean-field SGD,infidelity,5,0.6000633064154426,0.22356662881943298,0.5000809286139739,0.8000274969722723,0.5000808983213828,0.9999914500467562
main,tfim_N10_g0.25,baseline,Mean-field SGD,mc_energy_error,5,0.06842932177763732,0.15292207204451932,-8.912446181837894e-07,0.20520949025234286,-4.718902211338429e-05,0.3419846189881913
main,tfim_N10_g0.25,baseline,Mean-field SGD,n_params,5,10.0,0.0,10.0,10.0,10.0,10.0
main,tfim_N10_g0.25,baseline,Mean-field SGD,runtime_s,5,0.38530478477478025,0.012563292909988925,0.3747141361236572,0.3939975738525391,0.3651139736175537,0.39725303649902344
main,tfim_N10_g0.25,baseline,Mean-field SR,rel_energy_error,5,0.06844966100769244,0.1528898211812118,6.197453367051745e-05,0.20520378044197365,6.19591948223963e-05,0.34194728449657963
main,tfim_N10_g0.25,baseline,Mean-field SR,mz_error,5,0.15699749812235103,0.3504990868545159,0.00016228957415043155,0.4705182297780176,6.203865478549009e-05,0.7839892956195662
main,tfim_N10_g0.25,baseline,Mean-field SR,mx_error,5,0.04581684520425304,0.09872104155944235,0.0012620213102209731,0.1342296913214571,0.0007938032442637577,0.2224121044934596
main,tfim_N10_g0.25,baseline,Mean-field SR,infidelity,5,0.600078106275446,0.2235576902893118,0.5000849354823182,0.8000402202075607,0.500084887775059,0.9999902574337524
main,tfim_N10_g0.25,baseline,Mean-field SR,mc_energy_error,5,0.06859436927771853,0.15323121835067424,3.739821206399009e-05,0.2056510938028846,1.0671573677769623e-06,0.34270269467346115
main,tfim_N10_g0.25,baseline,Mean-field SR,n_params,5,10.0,0.0,10.0,10.0,10.0,10.0
main,tfim_N10_g0.25,baseline,Mean-field SR,runtime_s,5,0.3934309959411621,0.014256115175488781,0.38127622604370115,0.40393819808959963,0.37314891815185547,0.40863895416259766
main,tfim_N10_g0.25,baseline,RBM alpha=1 SGD,rel_energy_error,5,6.04814257735499e-05,4.916419640000686e-06,5.7094278862793655e-05,6.479503865337136e-05,5.501371462117618e-05,6.839845212275169e-05
main,tfim_N10_g0.25,baseline,RBM alpha=1 SGD,mz_error,5,0.00020266997518827434,0.00010431875555505926,0.00013273135766584955,0.00029108923302103575,0.00011473196859135282,0.0003708948163977377
main,tfim_N10_g0.25,baseline,RBM alpha=1 SGD,mx_error,5,0.0013613860962411767,0.0008456987845468027,0.0007234658408329736,0.00199930635164938,0.0004918725406510838,0.0025402991093003424
main,tfim_N10_g0.25,baseline,RBM alpha=1 SGD,infidelity,5,0.4983411864488391,0.002031201115225714,0.49679627678065363,0.49985959809514513,0.4959517577536471,0.5000174151286818
main,tfim_N10_g0.25,baseline,RBM alpha=1 SGD,mc_energy_error,5,3.8258315900597346e-05,0.0001305219397325608,-5.66722012146022e-05,0.00013301625752577096,-0.00013857002236734257,0.00019350854470154746
main,tfim_N10_g0.25,baseline,RBM alpha=1 SGD,n_params,5,120.0,0.0,120.0,120.0,120.0,120.0
main,tfim_N10_g0.25,baseline,RBM alpha=1 SGD,runtime_s,5,0.8392416477203369,0.021723476129353485,0.8223220348358155,0.8560164928436279,0.8106670379638672,0.8622562885284424
main,tfim_N10_g0.25,baseline,RBM alpha=1 SR,rel_energy_error,5,5.722280345024279e-05,1.5566422472188265e-05,4.4292396237376835e-05,6.833193891999733e-05,3.2927952379421466e-05,7.534627229395867e-05
main,tfim_N10_g0.25,baseline,RBM alpha=1 SR,mz_error,5,0.00012476467760789146,4.935572071740594e-05,8.20800291817303e-05,0.00015912460135030225,4.462644502423174e-05,0.00017846716463476575
main,tfim_N10_g0.25,baseline,RBM alpha=1 SR,mx_error,5,0.0007386831572274127,0.0007752754287723942,0.00022631298756543017,0.0014196252687066562,0.00014638190233967618,0.0020251154853411085
main,tfim_N10_g0.25,baseline,RBM alpha=1 SR,infidelity,5,0.0027179813194113,0.0031513660591616323,0.0006102226653444065,0.005455842451651871,0.00023516611171381374,0.007914582026629868
main,tfim_N10_g0.25,baseline,RBM alpha=1 SR,mc_energy_error,5,0.00012079886066332973,0.00012200001292051516,1.8296637780148808e-05,0.0002141451275710703,-4.219241521707121e-05,0.0002455281636885245
main,tfim_N10_g0.25,baseline,RBM alpha=1 SR,n_params,5,120.0,0.0,120.0,120.0,120.0,120.0
main,tfim_N10_g0.25,baseline,RBM alpha=1 SR,runtime_s,5,0.9306849002838135,0.02372717418083569,0.9134162425994873,0.9501633644104004,0.9010210037231445,0.965914249420166
main,tfim_N10_g0.25,baseline,RBM alpha=2 SGD,rel_energy_error,5,0.06436703542440393,0.14277581061089972,7.573811805550118e-05,0.19224249297827053,7.227041370933176e-05,0.3197685427676866
main,tfim_N10_g0.25,baseline,RBM alpha=2 SGD,mz_error,5,0.15640942739289404,0.34755326536245845,0.0002122863029405453,0.4675319665021613,8.401173669136952e-05,0.7781273747677008
main,tfim_N10_g0.25,baseline,RBM alpha=2 SGD,mx_error,5,0.07464504793599044,0.14648926211018026,0.0015015838488620036,0.20797858712297151,0.0006125603287122638,0.3356047158869142
main,tfim_N10_g0.25,baseline,RBM alpha=2 SGD,infidelity,5,0.5982925080541961,0.2239032886987054,0.49619951471350987,0.7990903691294827,0.4939275394342174,0.9987989508362112
main,tfim_N10_g0.25,baseline,RBM alpha=2 SGD,mc_energy_error,5,0.07208268647954567,0.14040599093964595,9.068046576884018e-05,0.20061412947833474,4.147083945197014e-05,0.3214711841944328
main,tfim_N10_g0.25,baseline,RBM alpha=2 SGD,n_params,5,230.0,0.0,230.0,230.0,230.0,230.0
main,tfim_N10_g0.25,baseline,RBM alpha=2 SGD,runtime_s,5,1.33688325881958,0.05278665122330939,1.2936492443084717,1.3759938716888427,1.260481834411621,1.3912489414215088
main,tfim_N10_g0.25,method,RBM alpha=2 SR,rel_energy_error,5,8.90397829836215e-05,0.00012213385002269705,2.4376395268811895e-05,0.0001974380339041215,1.69030595918599e-05,0.00030528064068110003
main,tfim_N10_g0.25,method,RBM alpha=2 SR,mz_error,5,0.00017082232591296708,0.0001328487145200635,7.72244268243405e-05,0.0002770633664714195,2.0614394059648156e-05,0.00037782608175374044
main,tfim_N10_g0.25,method,RBM alpha=2 SR,mx_error,5,0.001645361045209015,0.00163031807054309,0.000600474005178131,0.0030980698638659264,0.00043559095626230504,0.004364386600801004
main,tfim_N10_g0.25,method,RBM alpha=2 SR,infidelity,5,0.01452891245150607,0.022526669669303154,0.0015940013553218612,0.03509234545971327,0.0006104270785965982,0.053742265257513466
main,tfim_N10_g0.25,method,RBM alpha=2 SR,mc_energy_error,5,8.364105743239146e-05,8.152707417526692e-05,2.2969548614575965e-05,0.00014431256625020694,-2.630701129536253e-05,0.0001666807031955407
main,tfim_N10_g0.25,method,RBM alpha=2 SR,n_params,5,230.0,0.0,230.0,230.0,230.0,230.0
main,tfim_N10_g0.25,method,RBM alpha=2 SR,runtime_s,5,1.5685689449310303,0.021233273017045962,1.5528719425201416,1.5841315746307374,1.5407097339630127,1.5932469367980957
main,tfim_N10_g0.25,baseline,RBM alpha=4 SGD,rel_energy_error,5,0.00011168886621842401,4.4132787542973086e-05,9.010192765610228e-05,0.00015113858765393218,8.844031444887568e-05,0.00019046875066648853
main,tfim_N10_g0.25,baseline,RBM alpha=4 SGD,mz_error,5,0.00017252381385375327,0.0001815182108512619,5.1144224983357137e-05,0.0003257654993749082,1.876127031941177e-05,0.00047099984272591655
main,tfim_N10_g0.25,baseline,RBM alpha=4 SGD,mx_error,5,0.0016762620243215315,0.0020454085846386082,0.0004308643162183351,0.003447911730699921,7.375332703785098e-05,0.005198994075520907
main,tfim_N10_g0.25,baseline,RBM alpha=4 SGD,infidelity,5,0.49781546419306044,0.0029515305267317875,0.4951061362222939,0.49943676121325237,0.4926237492991603,0.4994729506854121
main,tfim_N10_g0.25,baseline,RBM alpha=4 SGD,mc_energy_error,5,0.00015483930993001138,0.00020736205767128149,2.834991027561096e-05,0.00033907876760888675,-1.603473539204138e-05,0.0005139147667680425
main,tfim_N10_g0.25,baseline,RBM alpha=4 SGD,n_params,5,450.0,0.0,450.0,450.0,450.0,450.0
main,tfim_N10_g0.25,baseline,RBM alpha=4 SGD,runtime_s,5,2.2515092372894285,0.07830753110582063,2.204403018951416,2.320776033401489,2.1851820945739746,2.3857100009918213
main,tfim_N10_g0.25,baseline,RBM alpha=4 SR,rel_energy_error,5,2.3570168506045488e-05,1.6020183145911776e-05,1.3347515110422608e-05,3.802910369107402e-05,8.936692613807668e-06,5.09802255356939e-05
main,tfim_N10_g0.25,baseline,RBM alpha=4 SR,mz_error,5,0.0001222889982211095,5.7035145651241216e-05,8.218701574722598e-05,0.00016704392273223512,6.52284702751249e-05,0.0002111357139751302
main,tfim_N10_g0.25,baseline,RBM alpha=4 SR,mx_error,5,0.0005808640518588481,0.000287501292553667,0.0003555463152756788,0.0008061817884420175,0.00024462947945252944,0.0009229688919122347
main,tfim_N10_g0.25,baseline,RBM alpha=4 SR,infidelity,5,0.02774255010943192,0.01599271156051272,0.015412958145357303,0.03991403195113301,0.008975084641273168,0.047225634472209066
main,tfim_N10_g0.25,baseline,RBM alpha=4 SR,mc_energy_error,5,3.583559767991448e-05,5.94092377035974e-05,-1.2559775530377826e-05,7.930544320488208e-05,-4.199782787477552e-05,8.29658199742356e-05
main,tfim_N10_g0.25,baseline,RBM alpha=4 SR,n_params,5,450.0,0.0,450.0,450.0,450.0,450.0
main,tfim_N10_g0.25,baseline,RBM alpha=4 SR,runtime_s,5,3.207756757736206,0.028260218349084553,3.1860953330993653,3.229418182373047,3.1748337745666504,3.244128942489624
main,tfim_N10_g0.50,baseline,Mean-field SGD,rel_energy_error,5,0.05540242452616573,0.1216258973442377,0.0010069879659254154,0.1641884528590094,0.0010039331875667961,0.2729734438192473
main,tfim_N10_g0.50,baseline,Mean-field SGD,mz_error,5,0.15532277322946425,0.33935369579742053,0.0034446508093708417,0.45886951180985197,0.0032921606059566066,0.7623770498821005
main,tfim_N10_g0.50,baseline,Mean-field SGD,mx_error,5,0.05273534842514558,0.09914916005055742,0.007953704446462312,0.14149307678473855,0.007364265310232543,0.23009524883360388
main,tfim_N10_g0.50,baseline,Mean-field SGD,infidelity,5,0.601188127363581,0.2225295330641204,0.5016609956127438,0.8002262105598087,0.5016482115427574,0.9992610570016521
main,tfim_N10_g0.50,baseline,Mean-field SGD,mc_energy_error,5,0.055362039347760586,0.12179157897660838,0.0008196342406100959,0.16429880754477147,0.0007330198696508531,0.27322934342947397
main,tfim_N10_g0.50,baseline,Mean-field SGD,n_params,5,10.0,0.0,10.0,10.0,10.0,10.0
main,tfim_N10_g0.50,baseline,Mean-field SGD,runtime_s,5,0.3857427597045898,0.006284394717856385,0.3806887149810791,0.3904430389404297,0.37781620025634766,0.3936169147491455
main,tfim_N10_g0.50,baseline,RBM alpha=1 SGD,rel_energy_error,5,0.0009053784482069692,1.861108229215341e-05,0.0008889824125984935,0.0009170846756584175,0.000873813755630185,0.0009200540704500814
main,tfim_N10_g0.50,baseline,RBM alpha=1 SGD,mz_error,5,0.0029002665809640506,0.000783313137782244,0.002285316415727201,0.0035152167462009,0.001965613696450208,0.003644868782412325
main,tfim_N10_g0.50,baseline,RBM alpha=1 SGD,mx_error,5,0.0066810676574844356,0.00298974658048638,0.004325351560976265,0.009036783753992606,0.003182423411808355,0.009515997878022042
main,tfim_N10_g0.50,baseline,RBM alpha=1 SGD,infidelity,5,0.49902399238878486,0.0019887159912693802,0.4972120362626363,0.5003048016811831,0.4956062476899885,0.5008240944478417
main,tfim_N10_g0.50,baseline,RBM alpha=1 SGD,mc_energy_error,5,0.0008364262912896875,0.0002698961052517502,0.0006135300462036238,0.0010409156066084055,0.00043802810133252313,0.0011894990334971644
main,tfim_N10_g0.50,baseline,RBM alpha=1 SGD,n_params,5,120.0,0.0,120.0,120.0,120.0,120.0
main,tfim_N10_g0.50,baseline,RBM alpha=1 SGD,runtime_s,5,0.8420181274414062,0.0170495071002951,0.8280698776245117,0.8547962665557861,0.8157927989959717,0.8603367805480957
main,tfim_N10_g0.50,baseline,RBM alpha=2 SGD,rel_energy_error,5,0.0009909766944537018,7.968196625882058e-05,0.0009231258002202404,0.001041455717227527,0.0008582694774844592,0.0010611764232157244
main,tfim_N10_g0.50,baseline,RBM alpha=2 SGD,mz_error,5,0.004403384981976855,0.0012000733267885518,0.0034870433742413276,0.0053279246991671855,0.0029246994642369017,0.005840479848018498
main,tfim_N10_g0.50,baseline,RBM alpha=2 SGD,mx_error,5,0.013406109251097342,0.005113629803292114,0.009621785785098813,0.017570084180215394,0.007098628007203289,0.02018794822346842
main,tfim_N10_g0.50,baseline,RBM alpha=2 SGD,infidelity,5,0.4972316311881072,0.0038812113478027257,0.4937162374474184,0.49964124367446755,0.4906310891995417,0.49984511776566143
main,tfim_N10_g0.50,baseline,RBM alpha=2 SGD,mc_energy_error,5,0.0010140707868215811,0.0002729565585024061,0.000793626817321077,0.0012205196854943312,0.0006650491847311904,0.001299604094981304
main,tfim_N10_g0.50,baseline,RBM alpha=2 SGD,n_params,5,230.0,0.0,230.0,230.0,230.0,230.0
main,tfim_N10_g0.50,baseline,RBM alpha=2 SGD,runtime_s,5,1.3331642150878906,0.04202159973958864,1.3015620231628418,1.3660200119018555,1.276082992553711,1.3835129737854004
main,tfim_N10_g0.50,baseline,RBM alpha=4 SGD,rel_energy_error,5,0.0009953881021845111,7.994849260377526e-05,0.000932521388533736,0.0010518176822026696,0.0008730890936096701,0.00108818283150355
main,tfim_N10_g0.50,baseline,RBM alpha=4 SGD,mz_error,5,0.002358904729993938,0.0006113099287671442,0.002062834397855484,0.0029112035354852627,0.002034176556474865,0.0034507458719289508
main,tfim_N10_g0.50,baseline,RBM alpha=4 SGD,mx_error,5,0.006353324337253418,0.0024403433064654704,0.004725870103042529,0.008526649233774252,0.004602861579493633,0.010252975628601724
main,tfim_N10_g0.50,baseline,RBM alpha=4 SGD,infidelity,5,0.49596166602028824,0.004337343205056866,0.49214585801529226,0.498600097309406,0.48849180915441737,0.4991002068605127
main,tfim_N10_g0.50,baseline,RBM alpha=4 SGD,mc_energy_error,5,0.0009670693180705995,0.00026404596231642633,0.0007747798273040022,0.0011703271253540159,0.0006968238734575592,0.0013376740083937502
main,tfim_N10_g0.50,baseline,RBM alpha=4 SGD,n_params,5,450.0,0.0,450.0,450.0,450.0,450.0
main,tfim_N10_g0.50,baseline,RBM alpha=4 SGD,runtime_s,5,2.286397171020508,0.05495045352177904,2.244566535949707,2.3282278060913084,2.2180449962615967,2.355093002319336
main,tfim_N10_g0.50,baseline,Mean-field SR,rel_energy_error,5,0.05813550549908688,0.12058896616563025,0.0012719044303254779,0.1670429998796697,0.001131904550732777,0.2736575193083877
main,tfim_N10_g0.50,baseline,Mean-field SR,mz_error,5,0.15480525296618858,0.3327364330759903,0.0029545451142807045,0.45341726912289354,0.0024509316800316316,0.7499529059187855
main,tfim_N10_g0.50,baseline,Mean-field SR,mx_error,5,0.059546981140601384,0.10137273588001702,0.006687095556657807,0.15199600411061484,0.005113978638814909,0.23943111185487237
main,tfim_N10_g0.50,baseline,Mean-field SR,infidelity,5,0.604407092344281,0.22077847933947806,0.5019962173857149,0.803218315957384,0.5017915360721649,0.9991829794913721
main,tfim_N10_g0.50,baseline,Mean-field SR,mc_energy_error,5,0.055347914611835455,0.12134676020732377,0.0009313855659795747,0.16389812676540355,0.0007860659755308418,0.2724191781885624
main,tfim_N10_g0.50,baseline,Mean-field SR,n_params,5,10.0,0.0,10.0,10.0,10.0,10.0
main,tfim_N10_g0.50,baseline,Mean-field SR,runtime_s,5,0.39763355255126953,0.01573075293357526,0.3872462272644043,0.41099114418029786,0.3806421756744385,0.4229769706726074
main,tfim_N10_g0.50,baseline,RBM alpha=1 SR,rel_energy_error,5,8.337784693104682e-05,1.2972516634450324e-05,7.342955424251449e-05,9.337576125994773e-05,6.885276051550388e-05,0.00010006501430166751
main,tfim_N10_g0.50,baseline,RBM alpha=1 SR,mz_error,5,0.0004020270943760895,0.0002576855962812501,0.00019710417820861803,0.000606950010543561,0.00011177522297434184,0.0006786943846516236
main,tfim_N10_g0.50,baseline,RBM alpha=1 SR,mx_error,5,0.0012969649924357452,0.0003763344594291025,0.0009959078144218148,0.0015783331465678229,0.0008099971870572098,0.0016134010402362176
main,tfim_N10_g0.50,baseline,RBM alpha=1 SR,infidelity,5,0.0020188816658999187,0.0013335186599963116,0.0009786141065884824,0.003059149225211355,0.00047699135073642207,0.003536119573988694
main,tfim_N10_g0.50,baseline,RBM alpha=1 SR,mc_energy_error,5,8.951466278736893e-05,8.440584273703958e-05,2.471322588836021e-05,0.00015431609968637763,-1.9570297129771685e-05,0.0001771200303377725
main,tfim_N10_g0.50,baseline,RBM alpha=1 SR,n_params,5,120.0,0.0,120.0,120.0,120.0,120.0
main,tfim_N10_g0.50,baseline,RBM alpha=1 SR,runtime_s,5,0.984952163696289,0.014299194214833874,0.9745966911315918,0.9956992626190185,0.9699258804321289,1.006296157836914
main,tfim_N10_g0.50,method,RBM alpha=2 SR,rel_energy_error,5,8.287973517063143e-05,7.806651814838349e-05,4.43385321246916e-05,0.00015314750381544253,4.043355432128443e-05,0.0002221173919660638
main,tfim_N10_g0.50,method,RBM alpha=2 SR,mz_error,5,0.0004479363594846575,0.00046778628963477085,0.00021304909425383655,0.000868312853008657,0.00019220255493368477,0.00128143736644315
main,tfim_N10_g0.50,method,RBM alpha=2 SR,mx_error,5,0.001529461478416727,0.002003738966997032,0.0004595777620255648,0.003358498062047577,0.00022177677921564332,0.005086256093236985
main,tfim_N10_g0.50,method,RBM alpha=2 SR,infidelity,5,0.0077339046176160275,0.01326246752099582,0.0012554814904699007,0.019627913453934154,0.0004792919178733257,0.03140230537446298
main,tfim_N10_g0.50,method,RBM alpha=2 SR,mc_energy_error,5,0.0001053505197632987,8.708723595065351e-05,4.476490560786831e-05,0.00017580245153135703,1.9090516299086273e-05,0.0002390504586913225
main,tfim_N10_g0.50,method,RBM alpha=2 SR,n_params,5,230.0,0.0,230.0,230.0,230.0,230.0
main,tfim_N10_g0.50,method,RBM alpha=2 SR,runtime_s,5,1.6173150062561035,0.022006800648557968,1.5997138977050782,1.6334617137908936,1.5861828327178955,1.6465661525726318
main,tfim_N10_g0.50,baseline,RBM alpha=4 SR,rel_energy_error,5,6.0579336138604314e-05,2.315186611596759e-05,4.341576556061204e-05,7.882010725847925e-05,3.0021311049440005e-05,9.380439351850245e-05
main,tfim_N10_g0.50,baseline,RBM alpha=4 SR,mz_error,5,0.0001659284753670054,8.166809600737285e-05,0.00010851622536280913,0.00023428425694298481,7.262735275326282e-05,0.0002879468232596105
main,tfim_N10_g0.50,baseline,RBM alpha=4 SR,mx_error,5,0.00043468516470064334,0.0002710577433063808,0.00024688930233139893,0.0006792068899445725,0.00016028731479389435,0.0008895939698801425
main,tfim_N10_g0.50,baseline,RBM alpha=4 SR,infidelity,5,0.013996247747636258,0.009524816263055437,0.006691665093171451,0.021133992244135903,0.0007769228461965705,0.023578409891773178
main,tfim_N10_g0.50,baseline,RBM alpha=4 SR,mc_energy_error,5,6.0564594968750846e-05,9.851171531516788e-05,-9.372892929665825e-06,0.00014509410111516053,-1.3758942722178066e-05,0.0002016729692741225
main,tfim_N10_g0.50,baseline,RBM alpha=4 SR,n_params,5,450.0,0.0,450.0,450.0,450.0,450.0
main,tfim_N10_g0.50,baseline,RBM alpha=4 SR,runtime_s,5,3.2646140098571776,0.04313309525642051,3.2319093704223634,3.2973186492919924,3.205780029296875,3.306990146636963
main,tfim_N10_g0.75,baseline,Mean-field SGD,rel_energy_error,5,0.005822968878407577,6.146084071693248e-05,0.0057808621475888035,0.005876341922298735,0.0057742947755136855,0.0059223386033729
main,tfim_N10_g0.75,baseline,Mean-field SGD,mz_error,5,0.029966366521595234,0.001717307749835203,0.028482794104113984,0.03098497083146288,0.027018986274854107,0.03137889429218932
main,tfim_N10_g0.75,baseline,Mean-field SGD,mx_error,5,0.03960274065533829,0.004158311366257982,0.03602825635528094,0.042079864488940896,0.032485611935098635,0.04305116847006707
main,tfim_N10_g0.75,baseline,Mean-field SGD,infidelity,5,0.5153023793743097,0.00037280421022272954,0.5149869297622437,0.515547540101399,0.5146876817823256,0.5156341778742957
main,tfim_N10_g0.75,baseline,Mean-field SGD,mc_energy_error,5,0.0054052116486877685,0.0008001924068401777,0.004722889574486854,0.005909920446940992,0.004061217235968608,0.006101756892811612
main,tfim_N10_g0.75,baseline,Mean-field SGD,n_params,5,10.0,0.0,10.0,10.0,10.0,10.0
main,tfim_N10_g0.75,baseline,Mean-field SGD,runtime_s,5,0.3895565509796143,0.009276430761723667,0.3824783802032471,0.3968254566192627,0.38083720207214355,0.40120983123779297
main,tfim_N10_g0.75,baseline,RBM alpha=1 SGD,rel_energy_error,5,0.004653681923521553,0.0001667685280028731,0.004520835104765081,0.004786528742278026,0.0044885135185410985,0.004834333720377371
main,tfim_N10_g0.75,baseline,RBM alpha=1 SGD,mz_error,5,0.03083042733163934,0.0025609841207474204,0.028803012535785922,0.03269439194296671,0.02727000206465513,0.03399667684013952
main,tfim_N10_g0.75,baseline,RBM alpha=1 SGD,mx_error,5,0.04411621857587901,0.006087174702550374,0.03939382743147372,0.048509010352016935,0.03557416496003457,0.051609871829122966
main,tfim_N10_g0.75,baseline,RBM alpha=1 SGD,infidelity,5,0.504786209131354,0.005301462790041219,0.5000721942092806,0.5083742854589997,0.49614059265685695,0.5101689074468359
main,tfim_N10_g0.75,baseline,RBM alpha=1 SGD,mc_energy_error,5,0.004665996423218135,0.0007460552394568011,0.004071578188495474,0.005260414657940795,0.003917303006437401,0.0054604962206803685
main,tfim_N10_g0.75,baseline,RBM alpha=1 SGD,n_params,5,120.0,0.0,120.0,120.0,120.0,120.0
main,tfim_N10_g0.75,baseline,RBM alpha=1 SGD,runtime_s,5,0.8589611053466797,0.02882466937479112,0.832966661453247,0.8779642105102539,0.8108170032501221,0.8860118389129639
main,tfim_N10_g0.75,baseline,RBM alpha=2 SGD,rel_energy_error,5,0.003808251618813552,0.0005498057452316291,0.0033384659218683777,0.0042497807375489315,0.00298119705898834,0.0045263177583103175
main,tfim_N10_g0.75,baseline,RBM alpha=2 SGD,mz_error,5,0.02228875912204864,0.006553021367667983,0.016964540068454027,0.027119190682599603,0.012612098495661361,0.029967705561838143
main,tfim_N10_g0.75,baseline,RBM alpha=2 SGD,mx_error,5,0.027567008964341645,0.012054433736803073,0.01847747741655955,0.03657312907550696,0.01157664858631896,0.04258869699261786
main,tfim_N10_g0.75,baseline,RBM alpha=2 SGD,infidelity,5,0.49849269301994276,0.005612586759047714,0.49348166201336213,0.5025020649921442,0.4893945546978027,0.5047690360992838
main,tfim_N10_g0.75,baseline,RBM alpha=2 SGD,mc_energy_error,5,0.00399533690081945,0.0005740209017158351,0.00354485674927612,0.0044458170523627785,0.003400853641745725,0.004686743157998361
main,tfim_N10_g0.75,baseline,RBM alpha=2 SGD,n_params,5,230.0,0.0,230.0,230.0,230.0,230.0
main,tfim_N10_g0.75,baseline,RBM alpha=2 SGD,runtime_s,5,1.3468035221099854,0.047393217073458505,1.3065361976623535,1.3815811157226563,1.2796087265014648,1.3891279697418213
main,tfim_N10_g0.75,baseline,RBM alpha=4 SGD,rel_energy_error,5,0.0033517942803858664,0.0003647181485999421,0.003077471701350485,0.003616218340993884,0.002840660873644038,0.0037952430121026785
main,tfim_N10_g0.75,baseline,RBM alpha=4 SGD,mz_error,5,0.021207327432287613,0.004635921169760295,0.018215189938076092,0.025134795419146604,0.017067751014459454,0.02884572647642114
main,tfim_N10_g0.75,baseline,RBM alpha=4 SGD,mx_error,5,0.026489439601420972,0.010069413270430965,0.020482199117437448,0.035639235114841974,0.018452187453594004,0.04386419081695081
main,tfim_N10_g0.75,baseline,RBM alpha=4 SGD,infidelity,5,0.49755970898040625,0.0035914228230964802,0.4943667171915306,0.49984871263380715,0.4914198949633275,0.5007895598954915
main,tfim_N10_g0.75,baseline,RBM alpha=4 SGD,mc_energy_error,5,0.0035760329880229077,0.0006765549159109087,0.0030804116223365494,0.004124808051853895,0.00269081973114027,0.004413359353550017
main,tfim_N10_g0.75,baseline,RBM alpha=4 SGD,n_params,5,450.0,0.0,450.0,450.0,450.0,450.0
main,tfim_N10_g0.75,baseline,RBM alpha=4 SGD,runtime_s,5,2.280083179473877,0.05115148233281227,2.2366780757904055,2.313177728652954,2.1961021423339844,2.325822114944458
main,tfim_N10_g0.75,baseline,Mean-field SR,rel_energy_error,5,0.006640769183511394,0.0009552527718928599,0.006070218797564981,0.007507170657389273,0.006028916447640941,0.008293962982278351
main,tfim_N10_g0.75,baseline,Mean-field SR,mz_error,5,0.028377930333687428,0.006659709472821,0.02277045316088917,0.0332599819487154,0.019199775398008545,0.034203810801997636
main,tfim_N10_g0.75,baseline,Mean-field SR,mx_error,5,0.036991296107679573,0.015077839775115875,0.024519788187735703,0.048129784072831014,0.016925330695131247,0.05039661140500973
main,tfim_N10_g0.75,baseline,Mean-field SR,infidelity,5,0.5161648454940717,0.0007356387497995533,0.5155038032656382,0.5165876921591384,0.5148762442550872,0.5167224242645395
main,tfim_N10_g0.75,baseline,Mean-field SR,mc_energy_error,5,0.005583541188663195,0.0005980761272985989,0.005070035606022069,0.005990825600751463,0.004638392680318873,0.006207841589695246
main,tfim_N10_g0.75,baseline,Mean-field SR,n_params,5,10.0,0.0,10.0,10.0,10.0,10.0
main,tfim_N10_g0.75,baseline,Mean-field SR,runtime_s,5,0.39301185607910155,0.010247362679003948,0.3866270065307617,0.40218024253845214,0.3855729103088379,0.41034603118896484
main,tfim_N10_g0.75,baseline,RBM alpha=1 SR,rel_energy_error,5,0.00012963527537815427,2.004197241273971e-05,0.00011423928123603683,0.00014549642617247617,0.00010908461893708122,0.0001557672858815904
main,tfim_N10_g0.75,baseline,RBM alpha=1 SR,mz_error,5,0.0010374019299141724,0.0005008440464106806,0.0006422962095461449,0.0014191190310398171,0.0003371519831473213,0.0014924049864212252
main,tfim_N10_g0.75,baseline,RBM alpha=1 SR,mx_error,5,0.0009369105316565874,0.00047781888915483014,0.0005848970524993446,0.00128892401081383,0.00045443554307394995,0.001577448611129073
main,tfim_N10_g0.75,baseline,RBM alpha=1 SR,infidelity,5,0.0010002274416533563,0.0007733053233704417,0.0003975820147632092,0.0016028728685435034,0.00028112744998509687,0.001999292049688961
main,tfim_N10_g0.75,baseline,RBM alpha=1 SR,mc_energy_error,5,0.0002230652301393401,0.00013378899806815357,0.0001222465748942837,0.00033044802641126543,4.862991389348349e-05,0.000417420208734503
main,tfim_N10_g0.75,baseline,RBM alpha=1 SR,n_params,5,120.0,0.0,120.0,120.0,120.0,120.0
main,tfim_N10_g0.75,baseline,RBM alpha=1 SR,runtime_s,5,0.9737089157104493,0.021338812725565606,0.9582723617553711,0.9910664081573486,0.9522290229797363,1.0068857669830322
main,tfim_N10_g0.75,method,RBM alpha=2 SR,rel_energy_error,5,,,,,,
main,tfim_N10_g0.75,method,RBM alpha=2 SR,mz_error,5,,,,,,
main,tfim_N10_g0.75,method,RBM alpha=2 SR,mx_error,5,,,,,,
main,tfim_N10_g0.75,method,RBM alpha=2 SR,infidelity,5,,,,,,
main,tfim_N10_g0.75,method,RBM alpha=2 SR,mc_energy_error,5,,,,,,
main,tfim_N10_g0.75,method,RBM alpha=2 SR,n_params,5,230.0,0.0,230.0,230.0,230.0,230.0
main,tfim_N10_g0.75,method,RBM alpha=2 SR,runtime_s,5,1.5094016075134278,0.23663712956033234,1.2933149337768555,1.6543254375457763,1.0974929332733154,1.7053930759429932
main,tfim_N10_g0.75,baseline,RBM alpha=4 SR,rel_energy_error,5,9.560828492161813e-05,1.7047064065897123e-05,8.08121708887192e-05,0.00010822353908635082,6.941860974256496e-05,0.00011548211613250496
main,tfim_N10_g0.75,baseline,RBM alpha=4 SR,mz_error,5,0.0007287038387291611,0.0005751675360555431,0.0002714958489670627,0.0011859118284912595,6.83274072552642e-05,0.0013177951517920894
main,tfim_N10_g0.75,baseline,RBM alpha=4 SR,mx_error,5,0.0009280735463888079,0.0005183902579067629,0.0005318967385532503,0.0013242503542243655,0.00034342738842668696,0.001591622852832153
main,tfim_N10_g0.75,baseline,RBM alpha=4 SR,infidelity,5,0.0007955056120090731,0.0005254174117877429,0.0004027551325620493,0.0011856889949342752,0.00038341695747978743,0.0013765405810036713
main,tfim_N10_g0.75,baseline,RBM alpha=4 SR,mc_energy_error,5,0.00015190832835909273,0.00016306321762188456,2.8696213404042902e-05,0.00029515135168533266,-5.038159427383099e-05,0.0004042607196060205
main,tfim_N10_g0.75,baseline,RBM alpha=4 SR,n_params,5,450.0,0.0,450.0,450.0,450.0,450.0
main,tfim_N10_g0.75,baseline,RBM alpha=4 SR,runtime_s,5,3.347037172317505,0.05047168040279401,3.308995246887207,3.3858337879180906,3.2807202339172363,3.407585620880127
main,tfim_N10_g1.00,baseline,Mean-field SGD,rel_energy_error,5,0.02250490401167766,0.00011096700817139106,0.022413091504814492,0.022588056942236163,0.022357732823590125,0.022623650299851993
main,tfim_N10_g1.00,baseline,Mean-field SGD,mz_error,5,0.1541200345567052,0.0023364777974250427,0.15238669416866063,0.1559130361941123,0.15192520703455692,0.15751704996838922
main,tfim_N10_g1.00,baseline,Mean-field SGD,mx_error,5,0.13143126165796098,0.003988047129725292,0.1285110567641714,0.13455750016687068,0.12774121022986185,0.13736849994258482
main,tfim_N10_g1.00,baseline,Mean-field SGD,infidelity,5,0.5850382317477649,0.0013476200982549336,0.5840922877146482,0.5861514574795695,0.5838390394558322,0.5871594689792041
main,tfim_N10_g1.00,baseline,Mean-field SGD,mc_energy_error,5,0.021006702636441454,0.0006985599869101675,0.020492785320306843,0.021520619952576054,0.02002902761626887,0.021815977966791432
main,tfim_N10_g1.00,baseline,Mean-field SGD,n_params,5,10.0,0.0,10.0,10.0,10.0,10.0
main,tfim_N10_g1.00,baseline,Mean-field SGD,runtime_s,5,0.3691408634185791,0.006670440048094402,0.3640427589416504,0.37405734062194823,0.35929226875305176,0.37598323822021484
main,tfim_N10_g1.00,baseline,RBM alpha=1 SGD,rel_energy_error,5,0.008097248620290988,0.003307027009936697,0.005500639410294303,0.010573475658705533,0.004234743289639704,0.01165556822492036
main,tfim_N10_g1.00,baseline,RBM alpha=1 SGD,mz_error,5,0.05960556754409267,0.03478613515704888,0.03296663576657908,0.08726572591393252,0.021984610233424906,0.10603742752017653
main,tfim_N10_g1.00,baseline,RBM alpha=1 SGD,mx_error,5,0.044967561187530224,0.03205911290588295,0.020440194142598078,0.07060589448502012,0.0113556034471054,0.08725803302415935
main,tfim_N10_g1.00,baseline,RBM alpha=1 SGD,infidelity,5,0.2687728173269682,0.23707453855966795,0.08854653211454067,0.4489991025393957,0.010047365350323134,0.49147230864629976
main,tfim_N10_g1.00,baseline,RBM alpha=1 SGD,mc_energy_error,5,0.007988950913260583,0.002954426366947524,0.005791960837818235,0.010374862497799262,0.004613022818788966,0.012251192252090676
main,tfim_N10_g1.00,baseline,RBM alpha=1 SGD,n_params,5,120.0,0.0,120.0,120.0,120.0,120.0
main,tfim_N10_g1.00,baseline,RBM alpha=1 SGD,runtime_s,5,0.8887357711791992,0.026673719368061424,0.8703747272491456,0.9115083694458008,0.864163875579834,0.9327199459075928
main,tfim_N10_g1.00,baseline,RBM alpha=2 SGD,rel_energy_error,5,0.005517672804330432,0.002653691941611144,0.003199203139428934,0.007545551641877274,0.001508143414225314,0.008917492054682907
main,tfim_N10_g1.00,baseline,RBM alpha=2 SGD,mz_error,5,0.030069233841364194,0.02360851710943367,0.01248574790493313,0.04918366782955515,0.0032867731373776854,0.06444997301174771
main,tfim_N10_g1.00,baseline,RBM alpha=2 SGD,mx_error,5,0.023428587086529017,0.017499108624624195,0.010348014936017048,0.03738951009884539,0.005535161435462732,0.048671936523586146
main,tfim_N10_g1.00,baseline,RBM alpha=2 SGD,infidelity,5,0.254840527952644,0.1568854793798124,0.11863181541300376,0.35950611457105097,0.002592416198266556,0.4250737826657863
main,tfim_N10_g1.00,baseline,RBM alpha=2 SGD,mc_energy_error,5,0.005515932486329032,0.0029075748866583544,0.0030167668057449965,0.007859718563004214,0.0011632452123448433,0.009344330602924295
main,tfim_N10_g1.00,baseline,RBM alpha=2 SGD,n_params,5,230.0,0.0,230.0,230.0,230.0,230.0
main,tfim_N10_g1.00,baseline,RBM alpha=2 SGD,runtime_s,5,1.4320507526397706,0.03575984304169369,1.4046946525573731,1.459413206577301,1.39560866355896,1.4790401458740234
main,tfim_N10_g1.00,baseline,RBM alpha=4 SGD,rel_energy_error,5,0.004325011565661041,0.0020314573068666935,0.002618960590904754,0.0057747574899154434,0.00137609369793043,0.005947903719166028
main,tfim_N10_g1.00,baseline,RBM alpha=4 SGD,mz_error,5,0.028258288888087568,0.021291933146313984,0.011700489889310984,0.044816087886864156,0.0008241208988473137,0.05032841351153727
main,tfim_N10_g1.00,baseline,RBM alpha=4 SGD,mx_error,5,0.024862175688263034,0.020085414008275838,0.009061182647831645,0.040663168728694424,0.0002825265866868154,0.044734596122703696
main,tfim_N10_g1.00,baseline,RBM alpha=4 SGD,infidelity,5,0.2242781731517633,0.1655335294719674,0.09242538724133909,0.3465482379789263,0.002454195776268042,0.37043425737706337
main,tfim_N10_g1.00,baseline,RBM alpha=4 SGD,mc_energy_error,5,0.0044727739913981365,0.0020324270140114446,0.0027230456464629998,0.005904033399821491,0.0014711062502180323,0.005961950503509863
main,tfim_N10_g1.00,baseline,RBM alpha=4 SGD,n_params,5,450.0,0.0,450.0,450.0,450.0,450.0
main,tfim_N10_g1.00,baseline,RBM alpha=4 SGD,runtime_s,5,2.387913131713867,0.09563617591673093,2.3213253021240234,2.4668582916259765,2.3025717735290527,2.540350914001465
main,tfim_N10_g1.00,baseline,Mean-field SR,rel_energy_error,5,0.023213422986236295,0.000622974917402183,0.022879688146142118,0.023776505826504472,0.022807421005845645,0.024315496708198006
main,tfim_N10_g1.00,baseline,Mean-field SR,mz_error,5,0.15250186352411782,0.006422919319314907,0.146633049987955,0.15630126304764982,0.14135367015977862,0.1574673585926033
main,tfim_N10_g1.00,baseline,Mean-field SR,mx_error,5,0.1296156485503931,0.01024030837633678,0.1202277696010043,0.13578190173219667,0.11192456418625796,0.13784811773824523
main,tfim_N10_g1.00,baseline,Mean-field SR,infidelity,5,0.5852801482497125,0.0028687990529427925,0.5826260326932697,0.5870918140040645,0.5804272860172549,0.5878702548685797
main,tfim_N10_g1.00,baseline,Mean-field SR,mc_energy_error,5,0.021580106883831534,0.0006571448087059508,0.021062789037344317,0.022097424730318754,0.02092814122345968,0.022392928022769577
main,tfim_N10_g1.00,baseline,Mean-field SR,n_params,5,10.0,0.0,10.0,10.0,10.0,10.0
main,tfim_N10_g1.00,baseline,Mean-field SR,runtime_s,5,0.3973994255065918,0.017747512001958902,0.38512983322143557,0.41285085678100586,0.38391804695129395,0.424760103225708
main,tfim_N10_g1.00,baseline,RBM alpha=1 SR,rel_energy_error,5,6.847442305942977e-05,1.616759970167996e-05,5.9141150302318126e-05,8.257786731952674e-05,5.6731661604145746e-05,9.666333459422942e-05
main,tfim_N10_g1.00,baseline,RBM alpha=1 SR,mz_error,5,0.0024661670080242002,0.000869119047329175,0.00169523911224172,0.0029557178848614194,0.0009451409543940192,0.0030900732708964984
main,tfim_N10_g1.00,baseline,RBM alpha=1 SR,mx_error,5,0.0015517701753159142,0.0009711486964610424,0.0007262591458886636,0.002225261453034366,1.3197175595669464e-05,0.0024855607661332657
main,tfim_N10_g1.00,baseline,RBM alpha=1 SR,infidelity,5,0.00014975374404080366,3.7173768061726176e-05,0.00011998665232133554,0.00017981926799475189,9.97179101496215e-05,0.0002010616210081917
main,tfim_N10_g1.00,baseline,RBM alpha=1 SR,mc_energy_error,5,0.00013793936001011895,3.643040926439525e-05,0.00010921444102287596,0.00016597874911399336,8.997121732564387e-05,0.00017532547704400997
main,tfim_N10_g1.00,baseline,RBM alpha=1 SR,n_params,5,120.0,0.0,120.0,120.0,120.0,120.0
main,tfim_N10_g1.00,baseline,RBM alpha=1 SR,runtime_s,5,1.0862013816833496,0.09508210897057298,1.0107413291931153,1.161661434173584,0.9922728538513184,1.1949379444122314
main,tfim_N10_g1.00,method,RBM alpha=2 SR,rel_energy_error,5,,,,,,
main,tfim_N10_g1.00,method,RBM alpha=2 SR,mz_error,5,,,,,,
main,tfim_N10_g1.00,method,RBM alpha=2 SR,mx_error,5,,,,,,
main,tfim_N10_g1.00,method,RBM alpha=2 SR,infidelity,5,,,,,,
main,tfim_N10_g1.00,method,RBM alpha=2 SR,mc_energy_error,5,,,,,,
main,tfim_N10_g1.00,method,RBM alpha=2 SR,n_params,5,230.0,0.0,230.0,230.0,230.0,230.0
main,tfim_N10_g1.00,method,RBM alpha=2 SR,runtime_s,5,1.7458345413208007,0.36158755947722976,1.4264649868011474,1.9716023445129394,1.1417982578277588,2.097123146057129
main,tfim_N10_g1.00,baseline,RBM alpha=4 SR,rel_energy_error,5,2.779833874490333e-05,8.03082086897966e-06,2.1824668494783502e-05,3.396294193767486e-05,2.079699850117287e-05,3.714394835541798e-05
main,tfim_N10_g1.00,baseline,RBM alpha=4 SR,mz_error,5,0.001210111471751163,0.00042987388641754553,0.0008680931914250012,0.001532107914359071,0.0006586413746333397,0.0016909587254684277
main,tfim_N10_g1.00,baseline,RBM alpha=4 SR,mx_error,5,0.0009201246532161367,0.0004749187553802257,0.0005550987522227712,0.001321181003526939,0.00029303299487037915,0.0016033617816323398
main,tfim_N10_g1.00,baseline,RBM alpha=4 SR,infidelity,5,6.0717596770332174e-05,1.5899369459374384e-05,4.8191746187464804e-05,7.324344735319954e-05,4.438561574737765e-05,7.833478943275463e-05
main,tfim_N10_g1.00,baseline,RBM alpha=4 SR,mc_energy_error,5,-1.0010146582414247e-05,4.570943720018247e-05,-4.870275123688751e-05,2.3539172528616474e-05,-7.646283747563128e-05,2.906044941780637e-05
main,tfim_N10_g1.00,baseline,RBM alpha=4 SR,n_params,5,450.0,0.0,450.0,450.0,450.0,450.0
main,tfim_N10_g1.00,baseline,RBM alpha=4 SR,runtime_s,5,3.831424188613892,0.22197264972827835,3.657307195663452,3.9973913192749024,3.5671229362487793,4.118597984313965
main,tfim_N10_g1.25,baseline,Mean-field SGD,rel_energy_error,5,0.04882135528011798,0.00010255500145406856,0.04874424126949444,0.04890368077359074,0.048718021471925554,0.048968371790611344
main,tfim_N10_g1.25,baseline,Mean-field SGD,mz_error,5,0.2649680069956175,0.00713290514790979,0.25944537505224846,0.2707540963479554,0.2564842174737456,0.2753320862999238
main,tfim_N10_g1.25,baseline,Mean-field SGD,mx_error,5,0.1713522037007637,0.00887558813124013,0.16448272598532696,0.17861306351254005,0.16076504721445883,0.18431560975981398
main,tfim_N10_g1.25,baseline,Mean-field SGD,infidelity,5,0.645433480288735,0.0057410228795346865,0.6409557236258465,0.6501612916692034,0.6384813250604395,0.6538239384660343
main,tfim_N10_g1.25,baseline,Mean-field SGD,mc_energy_error,5,0.04772817445325282,0.0007099607229771205,0.04714321384428006,0.048239908215135706,0.04674382269581681,0.04828523233259721
main,tfim_N10_g1.25,baseline,Mean-field SGD,n_params,5,10.0,0.0,10.0,10.0,10.0,10.0
main,tfim_N10_g1.25,baseline,Mean-field SGD,runtime_s,5,0.4011085033416748,0.019577381607269843,0.38341541290283204,0.41223855018615724,0.36677074432373047,0.4131009578704834
main,tfim_N10_g1.25,baseline,RBM alpha=1 SGD,rel_energy_error,5,0.0019675002758717097,0.00022594098965407784,0.001791386417307367,0.0021436141344360524,0.0017526947680788331,0.002234993866222401
main,tfim_N10_g1.25,baseline,RBM alpha=1 SGD,mz_error,5,0.008774080495303548,0.006890697285525287,0.003825383097810198,0.014412904615183564,0.002069034737893327,0.019364117854462126
main,tfim_N10_g1.25,baseline,RBM alpha=1 SGD,mx_error,5,0.004664007156657335,0.003419467135610586,0.0023664632007759367,0.0075290258509381315,0.001716521400253579,0.010163014321021846
main,tfim_N10_g1.25,baseline,RBM alpha=1 SGD,infidelity,5,0.003951464419020101,0.00045148928193612247,0.0036019468213082774,0.00431291660402866,0.003490408889114671,0.004518543532757158
main,tfim_N10_g1.25,baseline,RBM alpha=1 SGD,mc_energy_error,5,0.0020355178750774243,0.0003330788997014304,0.001801887212725484,0.0023133289588577063,0.0016864477421505476,0.0025489351651261853
main,tfim_N10_g1.25,baseline,RBM alpha=1 SGD,n_params,5,120.0,0.0,120.0,120.0,120.0,120.0
main,tfim_N10_g1.25,baseline,RBM alpha=1 SGD,runtime_s,5,1.077119493484497,0.07194300370035199,1.0166583061218262,1.1306866645812987,0.9705638885498047,1.1665658950805664
main,tfim_N10_g1.25,baseline,RBM alpha=2 SGD,rel_energy_error,5,0.0016466083386732177,0.0001325995678426375,0.0015441256012584392,0.0017490910760879965,0.0014877799514621162,0.001780192975742211
main,tfim_N10_g1.25,baseline,RBM alpha=2 SGD,mz_error,5,0.006530152861729688,0.003387185590827088,0.0035879259219550263,0.008882103189432033,0.0010990979295669723,0.010328888879139075
main,tfim_N10_g1.25,baseline,RBM alpha=2 SGD,mx_error,5,0.0039483091571379525,0.002438874759014406,0.0019512205162293794,0.005657686507357896,0.00017961977248281968,0.00675486652882451
main,tfim_N10_g1.25,baseline,RBM alpha=2 SGD,infidelity,5,0.0033574283612417765,0.0004262253952894205,0.0030402471379470386,0.003736511244465368,0.00286460072047523,0.0040318659503739696
main,tfim_N10_g1.25,baseline,RBM alpha=2 SGD,mc_energy_error,5,0.0018466751669596042,0.00038116320606701323,0.001555461307896416,0.0021454922235355817,0.00139955232171878,0.002285091433774265
main,tfim_N10_g1.25,baseline,RBM alpha=2 SGD,n_params,5,230.0,0.0,230.0,230.0,230.0,230.0
main,tfim_N10_g1.25,baseline,RBM alpha=2 SGD,runtime_s,5,1.7905425071716308,0.14470912893109084,1.6906997203826903,1.9218148231506347,1.6408679485321045,2.032113790512085
main,tfim_N10_g1.25,baseline,RBM alpha=4 SGD,rel_energy_error,5,0.0013078365419944987,8.334706302763072e-05,0.001244612602397516,0.0013710604815914817,0.00119776677046203,0.00139556854965173
main,tfim_N10_g1.25,baseline,RBM alpha=4 SGD,mz_error,5,0.007630802180372776,0.002676653946619064,0.005634514048725147,0.009759455335920108,0.004464039237694006,0.010799852427669121
main,tfim_N10_g1.25,baseline,RBM alpha=4 SGD,mx_error,5,0.004804415296877318,0.001696450748900531,0.003477115413816767,0.006131715179937869,0.0027094705321245582,0.006704167606925604
main,tfim_N10_g1.25,baseline,RBM alpha=4 SGD,infidelity,5,0.002592520286400757,0.00020546501630441366,0.0024299520900884276,0.002753797190263274,0.0022953443548053842,0.0028654266864333033
main,tfim_N10_g1.25,baseline,RBM alpha=4 SGD,mc_energy_error,5,0.0014138433888875987,0.0003970719941400861,0.0011015839608482323,0.0017604845014984774,0.0008975300536987029,0.0020121303266719156
main,tfim_N10_g1.25,baseline,RBM alpha=4 SGD,n_params,5,450.0,0.0,450.0,450.0,450.0,450.0
main,tfim_N10_g1.25,baseline,RBM alpha=4 SGD,runtime_s,5,2.8864555835723875,0.14616545405130274,2.794768476486206,3.0155774116516114,2.7740232944488525,3.1331169605255127
main,tfim_N10_g1.25,baseline,Mean-field SR,rel_energy_error,5,0.04991256752671759,0.00031109365495845105,0.049633630378938476,0.05011370616548959,0.04939130440103236,0.050130772869038866
main,tfim_N10_g1.25,baseline,Mean-field SR,mz_error,5,0.2645091152042933,0.012344651914271499,0.25375688234872584,0.27167478239779264,0.24316199543707295,0.2741090903400344
main,tfim_N10_g1.25,baseline,Mean-field SR,mx_error,5,0.17219999769751632,0.015025660196028563,0.159094386873377,0.18102093245221212,0.14620011240081277,0.18376993330864477
main,tfim_N10_g1.25,baseline,Mean-field SR,infidelity,5,0.6470323594009187,0.00980444944537553,0.6384874861895937,0.6527538622270349,0.6300055009860566,0.6544393356247266
main,tfim_N10_g1.25,baseline,Mean-field SR,mc_energy_error,5,0.04817548360867157,0.0006695878936462521,0.04769029182823186,0.04872015075575592,0.047333076529919506,0.04911915302148131
main,tfim_N10_g1.25,baseline,Mean-field SR,n_params,5,10.0,0.0,10.0,10.0,10.0,10.0
main,tfim_N10_g1.25,baseline,Mean-field SR,runtime_s,5,0.42621936798095705,0.00903969139203979,0.4178095817565918,0.43190298080444334,0.4110689163208008,0.4345579147338867
main,tfim_N10_g1.25,baseline,RBM alpha=1 SR,rel_energy_error,5,1.4630379949050638e-05,3.929983707366347e-06,1.165858965360674e-05,1.7847591385545525e-05,1.077636578929605e-05,2.0026992321028155e-05
main,tfim_N10_g1.25,baseline,RBM alpha=1 SR,mz_error,5,0.0009314260504830641,0.0002807339387987804,0.0006939266037804259,0.0011229380226448482,0.0004855782703894196,0.001181156223012736
main,tfim_N10_g1.25,baseline,RBM alpha=1 SR,mx_error,5,0.00038548276009875426,0.00015594857463250542,0.0002552110937239727,0.0005098829376834812,0.00015156543248018295,0.0005874148145501579
main,tfim_N10_g1.25,baseline,RBM alpha=1 SR,infidelity,5,2.89612734992728e-05,1.0311162827050528e-05,2.1533207317525616e-05,3.799596112576964e-05,1.816537977483712e-05,4.37841779358239e-05
main,tfim_N10_g1.25,baseline,RBM alpha=1 SR,mc_energy_error,5,1.473510328049468e-05,3.597664464291428e-05,-1.3135325504701249e-05,4.26055320656906e-05,-3.2534405511631134e-05,5.290540502842927e-05
main,tfim_N10_g1.25,baseline,RBM alpha=1 SR,n_params,5,120.0,0.0,120.0,120.0,120.0,120.0
main,tfim_N10_g1.25,baseline,RBM alpha=1 SR,runtime_s,5,1.1678886890411377,0.010908997238057576,1.1592776775360107,1.1764997005462647,1.1564109325408936,1.1804442405700684
main,tfim_N10_g1.25,method,RBM alpha=2 SR,rel_energy_error,5,,,,,,
main,tfim_N10_g1.25,method,RBM alpha=2 SR,mz_error,5,,,,,,
main,tfim_N10_g1.25,method,RBM alpha=2 SR,mx_error,5,,,,,,
main,tfim_N10_g1.25,method,RBM alpha=2 SR,infidelity,5,,,,,,
main,tfim_N10_g1.25,method,RBM alpha=2 SR,mc_energy_error,5,,,,,,
main,tfim_N10_g1.25,method,RBM alpha=2 SR,n_params,5,230.0,0.0,230.0,230.0,230.0,230.0
main,tfim_N10_g1.25,method,RBM alpha=2 SR,runtime_s,5,1.8461807727813722,0.37727583520432323,1.506427001953125,2.029488182067871,1.1727349758148193,2.0482499599456787
main,tfim_N10_g1.25,baseline,RBM alpha=4 SR,rel_energy_error,5,,,,,,
main,tfim_N10_g1.25,baseline,RBM alpha=4 SR,mz_error,5,,,,,,
main,tfim_N10_g1.25,baseline,RBM alpha=4 SR,mx_error,5,,,,,,
main,tfim_N10_g1.25,baseline,RBM alpha=4 SR,infidelity,5,,,,,,
main,tfim_N10_g1.25,baseline,RBM alpha=4 SR,mc_energy_error,5,,,,,,
main,tfim_N10_g1.25,baseline,RBM alpha=4 SR,n_params,5,450.0,0.0,450.0,450.0,450.0,450.0
main,tfim_N10_g1.25,baseline,RBM alpha=4 SR,runtime_s,5,3.4338080406188967,0.9043378299249033,2.764130973815918,4.103485107421875,2.4137039184570312,4.179418325424194
main,tfim_N10_g1.50,baseline,Mean-field SGD,rel_energy_error,5,0.06683408801157723,0.000633762101454518,0.06642738477077344,0.06741558906087122,0.0662711351742992,0.06792637219912137
main,tfim_N10_g1.50,baseline,Mean-field SGD,mz_error,5,0.23337192563509693,0.029839583151606397,0.20990849947478224,0.2562905661895541,0.19926509887481553,0.27670848827482253
main,tfim_N10_g1.50,baseline,Mean-field SGD,mx_error,5,0.11678304183675636,0.026196339454676736,0.09669751974402736,0.13710925625336853,0.0879655632721349,0.15569375324105428
main,tfim_N10_g1.50,baseline,Mean-field SGD,infidelity,5,0.5935862057737393,0.026642631898415953,0.5731208061048715,0.6139240250958409,0.5640941345604575,0.6326428828481134
main,tfim_N10_g1.50,baseline,Mean-field SGD,mc_energy_error,5,0.06570588891955363,0.0012990633200688395,0.06470398876843174,0.06670778907067552,0.06394198125526897,0.06691472291014461
main,tfim_N10_g1.50,baseline,Mean-field SGD,n_params,5,10.0,0.0,10.0,10.0,10.0,10.0
main,tfim_N10_g1.50,baseline,Mean-field SGD,runtime_s,5,0.4195109844207764,0.007432403638113056,0.41430392265319826,0.42602005004882815,0.41129589080810547,0.43158817291259766
main,tfim_N10_g1.50,baseline,RBM alpha=1 SGD,rel_energy_error,5,0.001341145651747562,0.00027638907719689914,0.001116322478527583,0.00154839953734538,0.0009919512143858617,0.0016417531476855445
main,tfim_N10_g1.50,baseline,RBM alpha=1 SGD,mz_error,5,0.002747020498710584,0.002113252756096663,0.0011499404602715812,0.004425529306364617,0.0005376394679955099,0.005671446239004063
main,tfim_N10_g1.50,baseline,RBM alpha=1 SGD,mx_error,5,0.0010854741867653006,0.00124544093542812,0.0002530275774556001,0.002151389313350438,3.230335933246398e-05,0.003127923073107719
main,tfim_N10_g1.50,baseline,RBM alpha=1 SGD,infidelity,5,0.002596742902725868,0.0005866774659619579,0.002136363322479373,0.0030466067227746586,0.0018540355582957746,0.0031735236381363885
main,tfim_N10_g1.50,baseline,RBM alpha=1 SGD,mc_energy_error,5,0.001726281857528616,0.0005108420571606642,0.0013399603832929302,0.002132716684570328,0.00110264720489981,0.002369079751047204
main,tfim_N10_g1.50,baseline,RBM alpha=1 SGD,n_params,5,120.0,0.0,120.0,120.0,120.0,120.0
main,tfim_N10_g1.50,baseline,RBM alpha=1 SGD,runtime_s,5,1.1319257259368896,0.014506704831417222,1.1197993755340576,1.1421562671661376,1.1094989776611328,1.1467077732086182
main,tfim_N10_g1.50,baseline,RBM alpha=2 SGD,rel_energy_error,5,0.001016100544099331,0.00012120443033933577,0.0009144325486761722,0.0010989364246582474,0.0008201202843885858,0.001145865621201797
main,tfim_N10_g1.50,baseline,RBM alpha=2 SGD,mz_error,5,0.0024830101186257723,0.0006532852796949442,0.0019427343888800074,0.002917611785339025,0.0014388381817097007,0.0031394628798795954
main,tfim_N10_g1.50,baseline,RBM alpha=2 SGD,mx_error,5,0.0009602355870066192,0.0009045488901513674,0.00042127711699735393,0.001754490040596224,0.00030985968675711906,0.002522098754598412
main,tfim_N10_g1.50,baseline,RBM alpha=2 SGD,infidelity,5,0.0019559229496159958,0.00017968591840232057,0.0018084220317879263,0.0020811031061886308,0.0016824698560545803,0.0021564534620340803
main,tfim_N10_g1.50,baseline,RBM alpha=2 SGD,mc_energy_error,5,0.0008935177723157545,0.0002977999606512467,0.000662911273831494,0.001124124270800015,0.0005129620043786376,0.001197966770404608
main,tfim_N10_g1.50,baseline,RBM alpha=2 SGD,n_params,5,230.0,0.0,230.0,230.0,230.0,230.0
main,tfim_N10_g1.50,baseline,RBM alpha=2 SGD,runtime_s,5,1.783406400680542,0.022216797443388205,1.7658362865447998,1.8001745700836183,1.7554991245269775,1.8035838603973389
main,tfim_N10_g1.50,baseline,RBM alpha=4 SGD,rel_energy_error,5,0.0003583664123431466,4.8990678664173975e-05,0.0003201163658403946,0.0003966164588458985,0.00030533669513696434,0.00042028893657645967
main,tfim_N10_g1.50,baseline,RBM alpha=4 SGD,mz_error,5,0.0006393305895049828,0.0007289399791965575,0.0001929146557518857,0.0012776846785061413,7.001242755677595e-05,0.0018875165461757493
main,tfim_N10_g1.50,baseline,RBM alpha=4 SGD,mx_error,5,0.0015079747720833537,0.0008073065406606529,0.0008745411803343428,0.002153245242242652,0.00041180439985499806,0.0026160598543043534
main,tfim_N10_g1.50,baseline,RBM alpha=4 SGD,infidelity,5,0.0006674524227650247,9.578974523260933e-05,0.0005952326417624665,0.0007426285886102946,0.0005506904174978899,0.0007945965504010388
main,tfim_N10_g1.50,baseline,RBM alpha=4 SGD,mc_energy_error,5,0.00044563008964555435,0.0004775467462129318,9.171007944515395e-05,0.0008452855140100984,-0.00010067428803408235,0.001080569419898647
main,tfim_N10_g1.50,baseline,RBM alpha=4 SGD,n_params,5,450.0,0.0,450.0,450.0,450.0,450.0
main,tfim_N10_g1.50,baseline,RBM alpha=4 SGD,runtime_s,5,2.828108882904053,0.039632357449274146,2.8020534992218016,2.863564920425415,2.7998461723327637,2.89231014251709
main,tfim_N10_g1.50,baseline,Mean-field SR,rel_energy_error,5,0.06796590229359681,0.0004533427001618517,0.0676095831705647,0.06832240547714905,0.06735005921991223,0.06860697882562786
main,tfim_N10_g1.50,baseline,Mean-field SR,mz_error,5,0.23803520434456776,0.031045701192713226,0.21330969843370298,0.2622619000823712,0.19448447965923454,0.28046282268578665
main,tfim_N10_g1.50,baseline,Mean-field SR,mx_error,5,0.1220011973516691,0.027384493747398278,0.10018149097928875,0.14357331612457552,0.08390384727778766,0.15988436379702098
main,tfim_N10_g1.50,baseline,Mean-field SR,infidelity,5,0.6001248979757822,0.02811708717261888,0.5772653760749245,0.621683956564123,0.5592963509748651,0.6371713798502378
main,tfim_N10_g1.50,baseline,Mean-field SR,mc_energy_error,5,0.06639386932530615,0.0011084996084137697,0.06543294711227424,0.06715706671404921,0.06462713391799918,0.06747170933694581
main,tfim_N10_g1.50,baseline,Mean-field SR,n_params,5,10.0,0.0,10.0,10.0,10.0,10.0
main,tfim_N10_g1.50,baseline,Mean-field SR,runtime_s,5,0.4413306713104248,0.0106083133573011,0.43339085578918457,0.44951605796813965,0.42963194847106934,0.45326685905456543
main,tfim_N10_g1.50,baseline,RBM alpha=1 SR,rel_energy_error,5,5.226821848794313e-06,1.1311864080787244e-06,4.205398361280342e-06,5.94649862365018e-06,3.3437959466615763e-06,6.010490362220409e-06
main,tfim_N10_g1.50,baseline,RBM alpha=1 SR,mz_error,5,0.0003387763557948675,0.00012927515329818037,0.00025627807251668024,0.00044733240590137945,0.00022008498525050157,0.0005526059451348431
main,tfim_N10_g1.50,baseline,RBM alpha=1 SR,mx_error,5,8.760665782088228e-05,4.446097926120304e-05,5.576834726583879e-05,0.00012652686656753343,3.760975730993099e-05,0.00015231354884881476
main,tfim_N10_g1.50,baseline,RBM alpha=1 SR,infidelity,5,9.38847989515601e-06,2.0876782016077707e-06,7.518383105020732e-06,1.069157164865775e-05,5.855539553678568e-06,1.0893128961186882e-05
main,tfim_N10_g1.50,baseline,RBM alpha=1 SR,mc_energy_error,5,-1.2027260733290703e-05,1.2094859428529988e-05,-2.137870172835445e-05,-3.336720205276347e-06,-2.890933895340803e-05,1.6687091388272728e-06
main,tfim_N10_g1.50,baseline,RBM alpha=1 SR,n_params,5,120.0,0.0,120.0,120.0,120.0,120.0
main,tfim_N10_g1.50,baseline,RBM alpha=1 SR,runtime_s,5,1.1941046714782715,0.009563348678681706,1.1871492385864257,1.2020699977874756,1.1820271015167236,1.206352949142456
main,tfim_N10_g1.50,method,RBM alpha=2 SR,rel_energy_error,5,,,,,,
main,tfim_N10_g1.50,method,RBM alpha=2 SR,mz_error,5,,,,,,
main,tfim_N10_g1.50,method,RBM alpha=2 SR,mx_error,5,,,,,,
main,tfim_N10_g1.50,method,RBM alpha=2 SR,infidelity,5,,,,,,
main,tfim_N10_g1.50,method,RBM alpha=2 SR,mc_energy_error,5,,,,,,
main,tfim_N10_g1.50,method,RBM alpha=2 SR,n_params,5,230.0,0.0,230.0,230.0,230.0,230.0
main,tfim_N10_g1.50,method,RBM alpha=2 SR,runtime_s,5,1.7159153938293457,0.49878650348757664,1.3467881202697753,2.085042667388916,1.1676368713378906,2.0993261337280273
main,tfim_N10_g2.00,baseline,Mean-field SGD,rel_energy_error,5,0.0639170943794789,0.0024120419388057282,0.06204629092763989,0.06578789783131792,0.06107044748527859,0.06610668469026605
main,tfim_N10_g2.00,baseline,Mean-field SGD,mz_error,5,0.08598107119641916,0.01726962225596654,0.07144241749535449,0.09723967656924522,0.05780053173485672,0.10178409973964281
main,tfim_N10_g2.00,baseline,Mean-field SGD,mx_error,5,0.05281815254065556,0.00536271605023237,0.04872116205682155,0.056915143024489565,0.04538248061345307,0.05787707321088842
main,tfim_N10_g2.00,baseline,Mean-field SGD,infidelity,5,0.1975059717132292,0.013448703195215834,0.18712368777985472,0.20788825564660368,0.1811189525361866,0.21236133185138129
main,tfim_N10_g2.00,baseline,Mean-field SGD,mc_energy_error,5,0.06334477943104656,0.0013595634226577062,0.062246047292248176,0.06433452514561055,0.0616931950451494,0.06515039718643582
main,tfim_N10_g2.00,baseline,Mean-field SGD,n_params,5,10.0,0.0,10.0,10.0,10.0,10.0
main,tfim_N10_g2.00,baseline,Mean-field SGD,runtime_s,5,0.43840651512145995,0.016599779364400186,0.4276083469390869,0.45341153144836427,0.4271891117095947,0.46547508239746094
main,tfim_N10_g1.50,baseline,RBM alpha=4 SR,rel_energy_error,5,,,,,,
main,tfim_N10_g1.50,baseline,RBM alpha=4 SR,mz_error,5,,,,,,
main,tfim_N10_g1.50,baseline,RBM alpha=4 SR,mx_error,5,,,,,,
main,tfim_N10_g1.50,baseline,RBM alpha=4 SR,infidelity,5,,,,,,
main,tfim_N10_g1.50,baseline,RBM alpha=4 SR,mc_energy_error,5,,,,,,
main,tfim_N10_g1.50,baseline,RBM alpha=4 SR,n_params,5,450.0,0.0,450.0,450.0,450.0,450.0
main,tfim_N10_g1.50,baseline,RBM alpha=4 SR,runtime_s,5,3.126333713531494,0.8079242067556519,2.512651062011719,3.7400163650512694,2.4367711544036865,4.066302061080933
main,tfim_N10_g2.00,baseline,RBM alpha=1 SGD,rel_energy_error,5,0.0004948832789433723,0.00010866796691364963,0.00041073543364903223,0.0005790311242377123,0.0003699809207465275,0.0006240717814146587
main,tfim_N10_g2.00,baseline,RBM alpha=1 SGD,mz_error,5,0.0017234173183937162,0.0014523248068551984,0.0007679547580027646,0.002995820771223889,0.0003598181892923713,0.004135572207932425
main,tfim_N10_g2.00,baseline,RBM alpha=1 SGD,mx_error,5,0.001486340459694424,0.0005755011727565716,0.0010519466682709533,0.0019373747419107802,0.0006663390175055683,0.0021676409998847568
main,tfim_N10_g2.00,baseline,RBM alpha=1 SGD,infidelity,5,0.000919461632574925,0.00021605979146879792,0.0007541898799680701,0.0010847333851817798,0.000667682147066806,0.0011908498065599238
main,tfim_N10_g2.00,baseline,RBM alpha=1 SGD,mc_energy_error,5,0.000663736530865556,0.00018485747246742277,0.0005225584100377759,0.0008020308158296953,0.00041219671546827066,0.0008811110669912281
main,tfim_N10_g2.00,baseline,RBM alpha=1 SGD,n_params,5,120.0,0.0,120.0,120.0,120.0,120.0
main,tfim_N10_g2.00,baseline,RBM alpha=1 SGD,runtime_s,5,1.1721166133880616,0.018306852934961558,1.1574172019958495,1.1857028484344483,1.1440389156341553,1.1935639381408691
main,tfim_N10_g2.00,baseline,RBM alpha=2 SGD,rel_energy_error,5,0.0001981693683741857,3.033434070473617e-05,0.00017389283255350843,0.00022015296844062832,0.00015280454981513378,0.0002279617143372117
main,tfim_N10_g2.00,baseline,RBM alpha=2 SGD,mz_error,5,0.0005082626797976997,0.00023513298755388398,0.0002983778536341908,0.0006578132792281699,0.00011148554853607218,0.0007023183029810087
main,tfim_N10_g2.00,baseline,RBM alpha=2 SGD,mx_error,5,0.0008818680734714812,0.0003293955416217691,0.0005931646808763347,0.00110218196812224,0.00033949641504837924,0.0011351974123876563
main,tfim_N10_g2.00,baseline,RBM alpha=2 SGD,infidelity,5,0.0003634961682814408,6.161258585100778e-05,0.00031421054753033584,0.00040948872890174127,0.00027109252123724836,0.00044051941364520175
main,tfim_N10_g2.00,baseline,RBM alpha=2 SGD,mc_energy_error,5,0.0002140610590100591,0.000169231160330671,8.23151575095116e-05,0.00034407014644808763,-1.7278514265688634e-05,0.0003711719194038279
main,tfim_N10_g2.00,baseline,RBM alpha=2 SGD,n_params,5,230.0,0.0,230.0,230.0,230.0,230.0
main,tfim_N10_g2.00,baseline,RBM alpha=2 SGD,runtime_s,5,1.7826848030090332,0.01906921818185131,1.767939043045044,1.7974305629730225,1.7612180709838867,1.7997939586639404
main,tfim_N10_g2.00,baseline,RBM alpha=4 SGD,rel_energy_error,5,0.00010921304323473612,3.701274652864613e-06,0.00010603869936685146,0.00011183537098941293,0.00010327165637700839,0.00011328627950100426
main,tfim_N10_g2.00,baseline,RBM alpha=4 SGD,mz_error,5,0.0006939338780136417,0.000618683005265664,0.00031928636954470235,0.0012314638624482898,0.00019787596331111157,0.0017527779754609174
main,tfim_N10_g2.00,baseline,RBM alpha=4 SGD,mx_error,5,0.00026298965678881456,0.00011895274793437067,0.00017370957003632893,0.0003557349517576025,0.00012041671983353819,0.0004000995878191693
main,tfim_N10_g2.00,baseline,RBM alpha=4 SGD,infidelity,5,0.00020506183561328495,6.82837383736931e-06,0.000200003111744107,0.00021078542039074666,0.00019760973903137913,0.00021411891871092603
main,tfim_N10_g2.00,baseline,RBM alpha=4 SGD,mc_energy_error,5,2.1674009443089817e-05,5.5062940733766326e-05,-1.6936803717758503e-05,6.28403726756138e-05,-5.2029670712822236e-05,9.574294194326681e-05
main,tfim_N10_g2.00,baseline,RBM alpha=4 SGD,n_params,5,450.0,0.0,450.0,450.0,450.0,450.0
main,tfim_N10_g2.00,baseline,RBM alpha=4 SGD,runtime_s,5,2.7868151664733887,0.02358695889528168,2.771324968338013,2.8080820560455324,2.7641348838806152,2.826833724975586
main,tfim_N10_g2.00,baseline,Mean-field SR,rel_energy_error,5,0.06426839679067636,0.001369948930116725,0.06324668494021239,0.06528908910114353,0.06284942523146535,0.06625343216635061
main,tfim_N10_g2.00,baseline,Mean-field SR,mz_error,5,0.07950171352429607,0.016316067944843367,0.06653388777113965,0.09133585728169583,0.055955813196393034,0.09857682108893279
main,tfim_N10_g2.00,baseline,Mean-field SR,mx_error,5,0.05074132190812919,0.006173104280370945,0.046357632245243675,0.05569773232420039,0.04364937208954922,0.06005427663394991
main,tfim_N10_g2.00,baseline,Mean-field SR,infidelity,5,0.20309101121604584,0.016619611078396237,0.18946471569345513,0.2145280533741575,0.1768431326907447,0.21917928250761443
main,tfim_N10_g2.00,baseline,Mean-field SR,mc_energy_error,5,0.06316106953436298,0.002850695656638941,0.06108189053144084,0.06554174173382941,0.06046698355818456,0.06747857698433472
main,tfim_N10_g2.00,baseline,Mean-field SR,n_params,5,10.0,0.0,10.0,10.0,10.0,10.0
main,tfim_N10_g2.00,baseline,Mean-field SR,runtime_s,5,0.4569823741912842,0.003354017452575371,0.4548680305480957,0.459942102432251,0.4543330669403076,0.4626729488372803
main,tfim_N10_g2.00,baseline,RBM alpha=1 SR,rel_energy_error,5,9.223755051860138e-07,3.4854866149210184e-07,6.610630148568749e-07,1.1960687230159844e-06,6.29249628788353e-07,1.3583268626002251e-06
main,tfim_N10_g2.00,baseline,RBM alpha=1 SR,mz_error,5,7.02275885409831e-05,3.700083343525181e-05,3.747858136977644e-05,9.53358484648181e-05,1.307725091148626e-05,9.596662869659767e-05
main,tfim_N10_g2.00,baseline,RBM alpha=1 SR,mx_error,5,5.145751411201882e-05,2.541351547577335e-05,3.2456693744586926e-05,7.153898369938183e-05,1.7819261573626122e-05,8.724629734746525e-05
main,tfim_N10_g2.00,baseline,RBM alpha=1 SR,infidelity,5,1.56761518039783e-06,6.193138192924598e-07,1.096302808201166e-06,2.038927552594494e-06,1.0386609748946896e-06,2.3148053454047357e-06
main,tfim_N10_g2.00,baseline,RBM alpha=1 SR,mc_energy_error,5,4.0364117344042e-06,1.2207042246693135e-05,-6.009105926320874e-06,1.3139138992866703e-05,-1.161309930405359e-05,1.7329672438419833e-05
main,tfim_N10_g2.00,baseline,RBM alpha=1 SR,n_params,5,120.0,0.0,120.0,120.0,120.0,120.0
main,tfim_N10_g2.00,baseline,RBM alpha=1 SR,runtime_s,5,1.2276024341583252,0.01706064912377276,1.2125698566436767,1.2387893199920654,1.1987910270690918,1.2440147399902344
main,tfim_N10_g2.00,method,RBM alpha=2 SR,rel_energy_error,5,,,,,,
main,tfim_N10_g2.00,method,RBM alpha=2 SR,mz_error,5,,,,,,
main,tfim_N10_g2.00,method,RBM alpha=2 SR,mx_error,5,,,,,,
main,tfim_N10_g2.00,method,RBM alpha=2 SR,infidelity,5,,,,,,
main,tfim_N10_g2.00,method,RBM alpha=2 SR,mc_energy_error,5,,,,,,
main,tfim_N10_g2.00,method,RBM alpha=2 SR,n_params,5,230.0,0.0,230.0,230.0,230.0,230.0
main,tfim_N10_g2.00,method,RBM alpha=2 SR,runtime_s,5,1.751118040084839,0.47822743436629706,1.3949349403381348,2.107301139831543,1.221688985824585,2.1379711627960205
main,tfim_N8_g0.50,baseline,Mean-field SGD,rel_energy_error,5,0.0010792701184046832,1.739487297794913e-06,0.0010778951704095174,0.001080645066399849,0.0010772428415235667,0.0010811967205679434
main,tfim_N8_g0.50,baseline,Mean-field SGD,mz_error,5,0.004209167434200145,0.00043364361002599765,0.00387440715701175,0.00454392771138854,0.0038196826476075696,0.00478192667018329
main,tfim_N8_g0.50,baseline,Mean-field SGD,mx_error,5,0.010380686578574116,0.0016767737855120344,0.00908647300724732,0.011674900149900913,0.008877001544036589,0.012594961866954302
main,tfim_N8_g0.50,baseline,Mean-field SGD,infidelity,5,0.5015001362146787,3.262795757051221e-05,0.5014750557879241,0.5015253474136232,0.5014718426899055,0.5015428823228847
main,tfim_N8_g0.50,baseline,Mean-field SGD,mc_energy_error,5,0.001201280360173264,0.000203221739110071,0.0010414283980169936,0.0013611323223295339,0.0009485180793186106,0.0014098421004559846
main,tfim_N8_g0.50,baseline,Mean-field SGD,n_params,5,8.0,0.0,8.0,8.0,8.0,8.0
main,tfim_N8_g0.50,baseline,Mean-field SGD,runtime_s,5,0.3736886501312256,0.010128138038847207,0.3661052227020264,0.3820182323455811,0.3618600368499756,0.3870279788970947
main,tfim_N8_g0.50,baseline,RBM alpha=1 SGD,rel_energy_error,5,0.0009874708473141978,8.289465736205147e-05,0.0009327989216976014,0.0010601332101299135,0.0009223601143917603,0.0011246375357395727
main,tfim_N8_g0.50,baseline,RBM alpha=1 SGD,mz_error,5,0.002955138331517437,0.0013043313538808191,0.0018171201779394464,0.003731735810788539,0.0006933850960814114,0.003911671006201045
main,tfim_N8_g0.50,baseline,RBM alpha=1 SGD,mx_error,5,0.0075865560880394815,0.003622336398986229,0.004510433906695505,0.009986600601390205,0.0016425238509757412,0.010692719902311354
main,tfim_N8_g0.50,baseline,RBM alpha=1 SGD,infidelity,5,0.49185414940163,0.015449410021085554,0.4780398047614252,0.4991637734495439,0.46424383458548046,0.49968129609533796
main,tfim_N8_g0.50,baseline,RBM alpha=1 SGD,mc_energy_error,5,0.0009358995765933546,0.00044352890388475394,0.0005870472721198816,0.0012653372069977404,0.00041994058722610855,0.0015013863562012323
main,tfim_N8_g0.50,baseline,RBM alpha=1 SGD,n_params,5,80.0,0.0,80.0,80.0,80.0,80.0
main,tfim_N8_g0.50,baseline,RBM alpha=1 SGD,runtime_s,5,0.7081564426422119,0.011835793613604742,0.6994395732879639,0.7180933475494384,0.6953918933868408,0.7253942489624023
main,tfim_N10_g2.00,baseline,RBM alpha=4 SR,rel_energy_error,5,,,,,,
main,tfim_N10_g2.00,baseline,RBM alpha=4 SR,mz_error,5,,,,,,
main,tfim_N10_g2.00,baseline,RBM alpha=4 SR,mx_error,5,,,,,,
main,tfim_N10_g2.00,baseline,RBM alpha=4 SR,infidelity,5,,,,,,
main,tfim_N10_g2.00,baseline,RBM alpha=4 SR,mc_energy_error,5,,,,,,
main,tfim_N10_g2.00,baseline,RBM alpha=4 SR,n_params,5,450.0,0.0,450.0,450.0,450.0,450.0
main,tfim_N10_g2.00,baseline,RBM alpha=4 SR,runtime_s,5,2.773295783996582,0.6711337914396174,2.452305316925049,3.375336456298828,2.4227709770202637,3.972278118133545
main,tfim_N8_g0.50,baseline,RBM alpha=2 SGD,rel_energy_error,5,0.001016269176410235,7.768614195576008e-05,0.0009563315648988413,0.0010791987642028472,0.0009092894880938175,0.0011254160535816287
main,tfim_N8_g0.50,baseline,RBM alpha=2 SGD,mz_error,5,0.002990442483386713,0.001605819146647053,0.001822183847617853,0.004305104004076954,0.0015652192080880534,0.005326663562951972
main,tfim_N8_g0.50,baseline,RBM alpha=2 SGD,mx_error,5,0.007562465389875694,0.00607736044752245,0.003194022942591468,0.012684475500140369,0.0026510137500888598,0.01651986216702378
main,tfim_N8_g0.50,baseline,RBM alpha=2 SGD,infidelity,5,0.4979023195503891,0.0015409867348932476,0.4965654215341959,0.49883175247183875,0.49525023270775426,0.49901270355134997
main,tfim_N8_g0.50,baseline,RBM alpha=2 SGD,mc_energy_error,5,0.0008896954264725439,0.00043768561374067866,0.0006076914439318906,0.00128932967032434,0.0004693861624610274,0.0016301283301890066
main,tfim_N8_g0.50,baseline,RBM alpha=2 SGD,n_params,5,152.0,0.0,152.0,152.0,152.0,152.0
main,tfim_N8_g0.50,baseline,RBM alpha=2 SGD,runtime_s,5,0.9955883979797363,0.005307749044701328,0.9917750358581543,0.9998963260650633,0.9907009601593018,1.003282070159912
main,tfim_N8_g0.50,baseline,RBM alpha=4 SGD,rel_energy_error,5,0.001180854791745567,0.0002068717470253622,0.0010509617464046722,0.001364201914830795,0.0009885224297547929,0.0015273724845066663
main,tfim_N8_g0.50,baseline,RBM alpha=4 SGD,mz_error,5,0.0038860603216401613,0.002437482459352752,0.0020394151759705716,0.005846271952627591,0.0015161728199822866,0.007332074539873168
main,tfim_N8_g0.50,baseline,RBM alpha=4 SGD,mx_error,5,0.012320493096522684,0.00934882522769233,0.005286541914027498,0.019816017088874656,0.003349753881412676,0.02578561620970965
main,tfim_N8_g0.50,baseline,RBM alpha=4 SGD,infidelity,5,0.49321411733757936,0.003701216974798805,0.4899932494889742,0.4957585057404358,0.48751303814210545,0.49603057048661325
main,tfim_N8_g0.50,baseline,RBM alpha=4 SGD,mc_energy_error,5,0.001134583682091817,0.0007842324224381714,0.0005815911843398325,0.0018385953108033966,0.0003069088700136776,0.0024102908347003204
main,tfim_N8_g0.50,baseline,RBM alpha=4 SGD,n_params,5,296.0,0.0,296.0,296.0,296.0,296.0
main,tfim_N8_g0.50,baseline,RBM alpha=4 SGD,runtime_s,5,1.6865915775299072,0.027098852793532927,1.6697123527526856,1.7102676391601563,1.6603479385375977,1.7317180633544922
main,tfim_N8_g1.00,baseline,Mean-field SGD,rel_energy_error,5,0.02487131594116284,0.00021351013472651896,0.02470939547855661,0.02503323640376907,0.024673215181234984,0.02513258593673839
main,tfim_N8_g1.00,baseline,Mean-field SGD,mz_error,5,0.13493224907576093,0.0045536213798824336,0.13136816970961915,0.1384963284419027,0.12923264851364025,0.13988369827963665
main,tfim_N8_g1.00,baseline,Mean-field SGD,mx_error,5,0.13378033931753505,0.007587118093077653,0.12784637134857674,0.13971430728649337,0.12430156946260873,0.14215171264938609
main,tfim_N8_g1.00,baseline,Mean-field SGD,infidelity,5,0.5569784599691215,0.002323908627453985,0.5551660770636353,0.5587908428746078,0.5540753860899912,0.5596124765825018
main,tfim_N8_g1.00,baseline,Mean-field SGD,mc_energy_error,5,0.02456820872320689,0.0008810538234844509,0.023872486678488077,0.025191994770033487,0.02323460523016277,0.025547014110607714
main,tfim_N8_g1.00,baseline,Mean-field SGD,n_params,5,8.0,0.0,8.0,8.0,8.0,8.0
main,tfim_N8_g1.00,baseline,Mean-field SGD,runtime_s,5,0.37745418548583987,0.005540620954408591,0.3726988470554352,0.38097310066223145,0.3680551052093506,0.3822908401489258
main,tfim_N8_g1.00,baseline,RBM alpha=1 SGD,rel_energy_error,5,0.010628795854726718,0.0013365137043234371,0.009629973730384418,0.011739796073054105,0.00931129178180554,0.012549698911804921
main,tfim_N8_g1.00,baseline,RBM alpha=1 SGD,mz_error,5,0.04991186930313483,0.018893017535827932,0.035764453847047316,0.06524583083848293,0.02812697160149069,0.07770178472888967
main,tfim_N8_g1.00,baseline,RBM alpha=1 SGD,mx_error,5,0.047910529058132464,0.019192422659971307,0.034840974639837444,0.06520941248999228,0.027080246009811515,0.0790912347235847
main,tfim_N8_g1.00,baseline,RBM alpha=1 SGD,infidelity,5,0.3397821504918771,0.05780989086146593,0.2968322896490821,0.3863781424492324,0.26673449543475103,0.4172234665064064
main,tfim_N8_g1.00,baseline,RBM alpha=1 SGD,mc_energy_error,5,0.01052122343688875,0.0006533209452430781,0.010040421883937943,0.011076727386327341,0.009876778422247908,0.011481399096627038
main,tfim_N8_g1.00,baseline,RBM alpha=1 SGD,n_params,5,80.0,0.0,80.0,80.0,80.0,80.0
main,tfim_N8_g1.00,baseline,RBM alpha=1 SGD,runtime_s,5,0.7254655838012696,0.021437334952176302,0.7086894035339355,0.7415850639343262,0.6950759887695312,0.7478179931640625
main,tfim_N8_g1.00,baseline,RBM alpha=2 SGD,rel_energy_error,5,0.0073563835241745295,0.004041216046465289,0.004177232253856713,0.010430984218536016,0.0022969831693099227,0.011189097616524549
main,tfim_N8_g1.00,baseline,RBM alpha=2 SGD,mz_error,5,0.0291880343513115,0.024433093540515167,0.010335094259159794,0.048040974443463204,0.0003494262752710142,0.05972161032996981
main,tfim_N8_g1.00,baseline,RBM alpha=2 SGD,mx_error,5,0.030733949165919094,0.02453369671247115,0.011400701128502689,0.0500671972033355,0.0014529116088585203,0.058047262742679795
main,tfim_N8_g1.00,baseline,RBM alpha=2 SGD,infidelity,5,0.22031214256513634,0.2013660127413707,0.06376050695239255,0.3768637781778802,0.00378937442533378,0.42123205587645474
main,tfim_N8_g1.00,baseline,RBM alpha=2 SGD,mc_energy_error,5,0.007703171608960569,0.004414490577990459,0.0042154325399450365,0.011029846493084545,0.0020795510264679288,0.011499705835536089
main,tfim_N8_g1.00,baseline,RBM alpha=2 SGD,n_params,5,152.0,0.0,152.0,152.0,152.0,152.0
main,tfim_N8_g1.00,baseline,RBM alpha=2 SGD,runtime_s,5,1.0606204986572265,0.034916132276992244,1.031587688922882,1.0853207588195801,1.005666971206665,1.0902149677276611
main,tfim_N8_g1.00,baseline,RBM alpha=4 SGD,rel_energy_error,5,0.002295918084286857,0.0002525993758160096,0.0020837022828266937,0.0024903250831830996,0.0019269898128192802,0.0026165070376502403
main,tfim_N8_g1.00,baseline,RBM alpha=4 SGD,mz_error,5,0.009143848758095197,0.007435090327658384,0.003420342035935353,0.01541937038277572,0.0004962357976456833,0.02061084559588655
main,tfim_N8_g1.00,baseline,RBM alpha=4 SGD,mx_error,5,0.010116365797432868,0.008398444969462397,0.0038409019444908933,0.017377663084839477,0.0004014029512120487,0.023169460905224426
main,tfim_N8_g1.00,baseline,RBM alpha=4 SGD,infidelity,5,0.003966307998421792,0.0009887540479296601,0.0032202995057308615,0.004777096087445231,0.0029775833038804267,0.00535591079439568
main,tfim_N8_g1.00,baseline,RBM alpha=4 SGD,mc_energy_error,5,0.0026540017768841894,0.0006484756575981492,0.002265651417014071,0.003216659764010363,0.002136483346055168,0.003768135702875064
main,tfim_N8_g1.00,baseline,RBM alpha=4 SGD,n_params,5,296.0,0.0,296.0,296.0,296.0,296.0
main,tfim_N8_g1.00,baseline,RBM alpha=4 SGD,runtime_s,5,1.80130615234375,0.09385210231337301,1.7227538108825684,1.865684413909912,1.6525497436523438,1.8874049186706543
main,tfim_N8_g0.50,baseline,Mean-field SR,rel_energy_error,5,0.0011117897158567005,4.634060058987712e-06,0.001108748190841329,0.001115952498647051,0.0011074563693706943,0.0011195217655987617
main,tfim_N8_g0.50,baseline,Mean-field SR,mz_error,5,0.005702859109376202,0.0002723012904784334,0.005505444881497334,0.005900273337255069,0.005335897553750413,0.006026271952322193
main,tfim_N8_g0.50,baseline,Mean-field SR,mx_error,5,0.016239752489686114,0.0010639170784291806,0.015468460400627599,0.01701104457874463,0.01480765983274518,0.01751057990403515
main,tfim_N8_g0.50,baseline,Mean-field SR,infidelity,5,0.5016539858807267,2.586326616659791e-05,0.5016353805578424,0.5016732718498644,0.501620178783607,0.5016881584293765
main,tfim_N8_g0.50,baseline,Mean-field SR,mc_energy_error,5,0.0011977097132328002,0.0003707875194786548,0.0009093086708491472,0.0014861107556164532,0.000833926689966997,0.0016757899525569333
main,tfim_N8_g0.50,baseline,Mean-field SR,n_params,5,8.0,0.0,8.0,8.0,8.0,8.0
main,tfim_N8_g0.50,baseline,Mean-field SR,runtime_s,5,0.3765507698059082,0.007942410697728766,0.3703483581542969,0.3827531814575195,0.36759328842163086,0.3864161968231201
main,tfim_N8_g0.50,baseline,RBM alpha=1 SR,rel_energy_error,5,7.632023007674937e-05,2.5314403816869776e-05,5.978511831705778e-05,9.870640415257427e-05,5.694392818048389e-05,0.0001178006610694969
main,tfim_N8_g0.50,baseline,RBM alpha=1 SR,mz_error,5,0.0004421529522866674,0.00031922572579614,0.00020461260247373048,0.0006895412399099854,0.00017347395932643117,0.0008247918072616933
main,tfim_N8_g0.50,baseline,RBM alpha=1 SR,mx_error,5,0.0013855350112646713,0.0006977856496893502,0.0008569818803817908,0.001914088142147552,0.000789032135883605,0.0022109045882260925
main,tfim_N8_g0.50,baseline,RBM alpha=1 SR,infidelity,5,0.0037345884959868237,0.005461935056754573,0.000820464362033535,0.008603802418903572,0.0002789762398058837,0.013396048265794658
main,tfim_N8_g0.50,baseline,RBM alpha=1 SR,mc_energy_error,5,0.00010499412052488737,0.0001555191833456892,-9.02100019661456e-06,0.0002363672926174114,-7.267067283690626e-05,0.00032756865036314136
main,tfim_N8_g0.50,baseline,RBM alpha=1 SR,n_params,5,80.0,0.0,80.0,80.0,80.0,80.0
main,tfim_N8_g0.50,baseline,RBM alpha=1 SR,runtime_s,5,0.7412129878997803,0.02371576027841882,0.7236588001251221,0.7608618259429931,0.7113950252532959,0.773400068283081
main,tfim_N8_g0.50,method,RBM alpha=2 SR,rel_energy_error,5,5.997343082202872e-05,1.5844805659992363e-05,4.965540192106059e-05,7.389479343760084e-05,4.643889424099956e-05,8.683788010189998e-05
main,tfim_N8_g0.50,method,RBM alpha=2 SR,mz_error,5,0.00027212349747547383,0.0001365502529730831,0.00017251344257056543,0.00037931456406445905,0.00013448530011861415,0.0004791538359417702
main,tfim_N8_g0.50,method,RBM alpha=2 SR,mx_error,5,0.0009361557301243995,0.00016480626721882867,0.0008036989345621692,0.001072067030552648,0.0007128810827177756,0.0011661816485938892
main,tfim_N8_g0.50,method,RBM alpha=2 SR,infidelity,5,0.009214360366205931,0.00929275959620978,0.002826484128903384,0.017125643050224904,0.0011532113835142077,0.024181471766694385
main,tfim_N8_g0.50,method,RBM alpha=2 SR,mc_energy_error,5,7.165885264834681e-05,0.00012335315534136134,-3.4696397033065964e-05,0.00016334756022353048,-0.00011927601164895153,0.0002165377983638534
main,tfim_N8_g0.50,method,RBM alpha=2 SR,n_params,5,152.0,0.0,152.0,152.0,152.0,152.0
main,tfim_N8_g0.50,method,RBM alpha=2 SR,runtime_s,5,1.1102152347564698,0.03935268000503713,1.079017734527588,1.138129758834839,1.0498337745666504,1.1483538150787354
main,tfim_N8_g0.50,baseline,RBM alpha=4 SR,rel_energy_error,5,5.2180074198765525e-05,1.4220976859126182e-05,4.0084563886818625e-05,6.270849593357472e-05,3.0642827546011896e-05,7.011575619010821e-05
main,tfim_N8_g0.50,baseline,RBM alpha=4 SR,mz_error,5,0.00019011414006961936,0.00010442018489631285,0.00011196549770446929,0.00026614272461036317,4.983214950371462e-05,0.0003259813740863482
main,tfim_N8_g0.50,baseline,RBM alpha=4 SR,mx_error,5,0.0008549775241569856,0.0004181120436537751,0.0005223828553355458,0.0011875721929784256,0.0003846428982147154,0.0012732962816858207
main,tfim_N8_g0.50,baseline,RBM alpha=4 SR,infidelity,5,0.002672672781225427,0.0048887606160865965,0.00031605240531380475,0.00706738705006329,9.150020900783318e-05,0.011404730655168893
main,tfim_N8_g0.50,baseline,RBM alpha=4 SR,mc_energy_error,5,0.00011101280277367006,6.268409750926891e-05,5.963526117530646e-05,0.00015741888808981885,2.676619480922343e-05,0.00019111152663963858
main,tfim_N8_g0.50,baseline,RBM alpha=4 SR,n_params,5,296.0,0.0,296.0,296.0,296.0,296.0
main,tfim_N8_g0.50,baseline,RBM alpha=4 SR,runtime_s,5,1.9477606296539307,0.09725925962945745,1.8738752365112306,2.021646022796631,1.823052167892456,2.059006929397583
main,tfim_N8_g1.50,baseline,Mean-field SGD,rel_energy_error,5,0.06672174442382375,0.0004085027379569384,0.06647394876297139,0.06707547255823175,0.06638866981434996,0.06742489187944985
main,tfim_N8_g1.50,baseline,Mean-field SGD,mz_error,5,0.1942375388003235,0.020949891327891913,0.17672348935964874,0.209645302281241,0.1608179416389841,0.21638354651278335
main,tfim_N8_g1.50,baseline,Mean-field SGD,mx_error,5,0.12111635333419342,0.018741194201009826,0.1056050672831664,0.1351472740729225,0.09163995874036157,0.1414696398784644
main,tfim_N8_g1.50,baseline,Mean-field SGD,infidelity,5,0.5252745817088765,0.018415747268563425,0.5100051813564492,0.5390113439371227,0.496226866360186,0.5451098087268714
main,tfim_N8_g1.50,baseline,Mean-field SGD,mc_energy_error,5,0.06685438514470668,0.0016228635725305787,0.06561261021995395,0.06809616006945939,0.0648320186544324,0.06883650148483399
main,tfim_N8_g1.50,baseline,Mean-field SGD,n_params,5,8.0,0.0,8.0,8.0,8.0,8.0
main,tfim_N8_g1.50,baseline,Mean-field SGD,runtime_s,5,0.36211457252502444,0.01191796761160935,0.3530674934387207,0.37192378044128416,0.346649169921875,0.37807631492614746
main,tfim_N8_g1.50,baseline,RBM alpha=1 SGD,rel_energy_error,5,0.0005011441415815291,5.8623651097264e-05,0.0004591636580998133,0.0005469686915695587,0.0004344736064527149,0.000587835102412178
main,tfim_N8_g1.50,baseline,RBM alpha=1 SGD,mz_error,5,0.001588096407799111,0.0014658792983966735,0.0004543517981861145,0.002721841017412108,0.00017500831338052025,0.003536556111935152
main,tfim_N8_g1.50,baseline,RBM alpha=1 SGD,mx_error,5,0.000678356174908501,0.00037842752048780447,0.00039023835800211515,0.0009664739918148868,0.0001667881782233538,0.001089314625226434
main,tfim_N8_g1.50,baseline,RBM alpha=1 SGD,infidelity,5,0.0006685590620176818,5.912384130416434e-05,0.0006239869501428741,0.0007141417108130765,0.0006101532045443836,0.000752470321624954
main,tfim_N8_g1.50,baseline,RBM alpha=1 SGD,mc_energy_error,5,0.000521972002678336,0.00028971829586685554,0.000288448389194865,0.0007373610413478696,0.00011243852179987938,0.0009050705098089827
main,tfim_N8_g1.50,baseline,RBM alpha=1 SGD,n_params,5,80.0,0.0,80.0,80.0,80.0,80.0
main,tfim_N8_g1.50,baseline,RBM alpha=1 SGD,runtime_s,5,0.7924965858459473,0.0063083463246297366,0.7879901885986328,0.7971816062927246,0.7865200042724609,0.8018150329589844
main,tfim_N8_g1.50,baseline,RBM alpha=2 SGD,rel_energy_error,5,0.00035625813225536495,1.0706938093741166e-05,0.000347864056006376,0.0003646522085043539,0.0003426324331371192,0.0003667779351964621
main,tfim_N8_g1.50,baseline,RBM alpha=2 SGD,mz_error,5,0.001457239033737534,0.0010028179542146097,0.0008074902693167574,0.0023409857605733663,0.0006802110006164375,0.003128999960309742
main,tfim_N8_g1.50,baseline,RBM alpha=2 SGD,mx_error,5,0.0006936054295814343,0.0003238881664313359,0.00047206421863597023,0.0009688384878609124,0.00039668193101594085,0.0012053947329284664
main,tfim_N8_g1.50,baseline,RBM alpha=2 SGD,infidelity,5,0.0004954556504422003,1.888260388650059e-05,0.00048094627581638573,0.0005099613642418843,0.0004720899142076629,0.000515657861155816
main,tfim_N8_g1.50,baseline,RBM alpha=2 SGD,mc_energy_error,5,0.0005627831344368908,0.0002512709395455859,0.0003495531301463014,0.0007380413150310322,0.00019147133070953842,0.0007614746289363678
main,tfim_N8_g1.50,baseline,RBM alpha=2 SGD,n_params,5,152.0,0.0,152.0,152.0,152.0,152.0
main,tfim_N8_g1.50,baseline,RBM alpha=2 SGD,runtime_s,5,1.1417738914489746,0.01903481022057181,1.1265376567840577,1.1557424068450928,1.1142191886901855,1.1628427505493164
main,tfim_N8_g1.50,baseline,RBM alpha=4 SGD,rel_energy_error,5,0.00030210346127598384,1.2843810839574032e-05,0.0002921083592888679,0.00031209856326309986,0.00028750514475087515,0.0003165502744305669
main,tfim_N8_g1.50,baseline,RBM alpha=4 SGD,mz_error,5,0.0021539939704023348,0.0008513068656774117,0.0014073852866780645,0.0027265265548424454,0.0007565599426176961,0.0029551287228916645
main,tfim_N8_g1.50,baseline,RBM alpha=4 SGD,mx_error,5,0.0010656476692807227,0.0005301048331524021,0.0006059208261205873,0.0014429489828365893,0.0002454251887807901,0.0015498785985316177
main,tfim_N8_g1.50,baseline,RBM alpha=4 SGD,infidelity,5,0.0004387214137972162,2.441075631015249e-05,0.00041991814227781976,0.0004575246853166126,0.00041104329812735596,0.00046573318852316525
main,tfim_N8_g1.50,baseline,RBM alpha=4 SGD,mc_energy_error,5,0.00047231299584170355,0.0003125890362062203,0.00023172615829611265,0.0007128998333872944,8.684494077915568e-05,0.0008537806157521234
main,tfim_N8_g1.50,baseline,RBM alpha=4 SGD,n_params,5,296.0,0.0,296.0,296.0,296.0,296.0
main,tfim_N8_g1.50,baseline,RBM alpha=4 SGD,runtime_s,5,1.7982120037078857,0.04913001090033304,1.7592883586883545,1.834785795211792,1.726139783859253,1.845093011856079
main,tfim_N8_g1.00,baseline,Mean-field SR,rel_energy_error,5,0.02616749993680968,0.0010902164513892313,0.025427879928044884,0.02707590440290817,0.025166420728390013,0.02795735677487002
main,tfim_N8_g1.00,baseline,Mean-field SR,mz_error,5,0.13197980944583187,0.015508795713222594,0.11992758297932912,0.1429467853531072,0.10855285367814915,0.1485764873951947
main,tfim_N8_g1.00,baseline,Mean-field SR,mx_error,5,0.1306419946782718,0.025237332531496404,0.11133452756710827,0.1485309249463583,0.09311580138423525,0.15832408697033512
main,tfim_N8_g1.00,baseline,Mean-field SR,infidelity,5,0.5571996339831878,0.007499637669368082,0.5515687367925879,0.5624913157848244,0.5463161544133656,0.5656126681821535
main,tfim_N8_g1.00,baseline,Mean-field SR,mc_energy_error,5,0.025181998263658155,0.0009481053843524751,0.024444544967864447,0.025919451559451866,0.024072974531605968,0.026275086937877584
main,tfim_N8_g1.00,baseline,Mean-field SR,n_params,5,8.0,0.0,8.0,8.0,8.0,8.0
main,tfim_N8_g1.00,baseline,Mean-field SR,runtime_s,5,0.37113442420959475,0.010410615815031155,0.3621610164642334,0.37941761016845704,0.35565900802612305,0.38495802879333496
main,tfim_N8_g1.00,baseline,RBM alpha=1 SR,rel_energy_error,5,3.506086688652527e-05,5.983875615270795e-06,3.081649318728727e-05,3.99698672855508e-05,2.81178770900892e-05,4.436754342559287e-05
main,tfim_N8_g1.00,baseline,RBM alpha=1 SR,mz_error,5,0.0007042946063521516,0.0004902565434557496,0.00033452235213466964,0.0010915738202937231,0.0002527470745967708,0.0014085388033019397
main,tfim_N8_g1.00,baseline,RBM alpha=1 SR,mx_error,5,0.00045868380444471504,0.00047205881156474783,0.00014654532566193978,0.0008752929218511119,6.8984974493147e-05,0.0012413844060735757
main,tfim_N8_g1.00,baseline,RBM alpha=1 SR,infidelity,5,4.9358799392895666e-05,8.31606009323273e-06,4.370340366026682e-05,5.640844582917026e-05,4.0234035422859193e-05,6.262880706697782e-05
main,tfim_N8_g1.00,baseline,RBM alpha=1 SR,mc_energy_error,5,4.4672964956197793e-05,3.9138610733986736e-05,1.0135927161296779e-05,7.033289018879582e-05,-1.9456845145374956e-05,8.412145357646879e-05
main,tfim_N8_g1.00,baseline,RBM alpha=1 SR,n_params,5,80.0,0.0,80.0,80.0,80.0,80.0
main,tfim_N8_g1.00,baseline,RBM alpha=1 SR,runtime_s,5,0.7729272365570068,0.019855960151423144,0.7573246479034423,0.7879985332489013,0.7487339973449707,0.7930538654327393
main,tfim_N8_g1.00,method,RBM alpha=2 SR,rel_energy_error,5,1.739077766069342e-05,2.0959355685304857e-06,1.6021159846074197e-05,1.930062136979552e-05,1.5368661160284462e-05,2.090637579600544e-05
main,tfim_N8_g1.00,method,RBM alpha=2 SR,mz_error,5,0.00040023010985379415,0.0001369967417799694,0.000291517912145256,0.0005089423075623322,0.0002443179453411881,0.0005498261991053743
main,tfim_N8_g1.00,method,RBM alpha=2 SR,mx_error,5,0.0004845919537770804,0.00034210119935576793,0.00021726629223337569,0.0007519176153207852,0.00011195732508528788,0.0009130552405749448
main,tfim_N8_g1.00,method,RBM alpha=2 SR,infidelity,5,2.4709659179023015e-05,3.0322779847572067e-06,2.2469297604521543e-05,2.7477135737141722e-05,2.1289209007790966e-05,2.9639011322579734e-05
main,tfim_N8_g1.00,method,RBM alpha=2 SR,mc_energy_error,5,2.9603051096175103e-05,4.354297120199449e-05,-3.323370765696502e-06,6.319942110623189e-05,-2.378681779755149e-05,8.672813956354591e-05
main,tfim_N8_g1.00,method,RBM alpha=2 SR,n_params,5,152.0,0.0,152.0,152.0,152.0,152.0
main,tfim_N8_g1.00,method,RBM alpha=2 SR,runtime_s,5,1.1831391334533692,0.04176567918513316,1.1490793704986573,1.2117145538330079,1.115943193435669,1.2264151573181152
main,tfim_N8_g1.00,baseline,RBM alpha=4 SR,rel_energy_error,5,,,,,,
main,tfim_N8_g1.00,baseline,RBM alpha=4 SR,mz_error,5,,,,,,
main,tfim_N8_g1.00,baseline,RBM alpha=4 SR,mx_error,5,,,,,,
main,tfim_N8_g1.00,baseline,RBM alpha=4 SR,infidelity,5,,,,,,
main,tfim_N8_g1.00,baseline,RBM alpha=4 SR,mc_energy_error,5,,,,,,
main,tfim_N8_g1.00,baseline,RBM alpha=4 SR,n_params,5,296.0,0.0,296.0,296.0,296.0,296.0
main,tfim_N8_g1.00,baseline,RBM alpha=4 SR,runtime_s,5,1.932245922088623,0.366155401561267,1.6056392192840576,2.117479705810547,1.2803821563720703,2.1428658962249756
main,tfim_N12_g0.50,baseline,Mean-field SGD,rel_energy_error,5,0.13700714266444106,0.12416433629976369,0.046316080660265754,0.22769820466861637,0.0009906298397405718,0.2278008767654255
main,tfim_N12_g0.50,baseline,Mean-field SGD,mz_error,5,0.4576805485852555,0.42208180714895654,0.1300788113420545,0.7852822858284563,0.0034968453803273514,0.8569755540727689
main,tfim_N12_g0.50,baseline,Mean-field SGD,mx_error,5,0.11690173684474167,0.09829332270584237,0.0444786487192988,0.18932482497018452,0.008327925790743318,0.19162120852320824
main,tfim_N12_g0.50,baseline,Mean-field SGD,infidelity,5,0.8006134039271805,0.27263155618304835,0.6014318370795777,0.9997949707747832,0.5019378323525306,0.9999480925425662
main,tfim_N12_g0.50,baseline,Mean-field SGD,mc_energy_error,5,0.1371958045398453,0.12413622199500136,0.04638239294006374,0.22798643781223643,0.001110261769927144,0.2291180227557559
main,tfim_N12_g0.50,baseline,Mean-field SGD,n_params,5,12.0,0.0,12.0,12.0,12.0,12.0
main,tfim_N12_g0.50,baseline,Mean-field SGD,runtime_s,5,0.4295056343078613,0.024363889397567524,0.4104424476623535,0.44856882095336914,0.40148496627807617,0.4554460048675537
main,tfim_N12_g0.50,baseline,RBM alpha=1 SGD,rel_energy_error,5,0.000851270820298057,4.7206460659103096e-05,0.0008150698883439814,0.0008874717522521326,0.000795966606829899,0.000906308823866321
main,tfim_N12_g0.50,baseline,RBM alpha=1 SGD,mz_error,5,0.0034155980024174414,0.0005428544749669709,0.0030055261685268952,0.003820412134809481,0.0026988077155117862,0.003984026169500554
main,tfim_N12_g0.50,baseline,RBM alpha=1 SGD,mx_error,5,0.009361958218396743,0.0016417740127684102,0.00798773868153783,0.010560507489360443,0.007044870792974334,0.010650119594071056
main,tfim_N12_g0.50,baseline,RBM alpha=1 SGD,infidelity,5,0.48854540165406296,0.023287491792296403,0.4675343782386897,0.49999503546942936,0.4469866714354749,0.5003240070704724
main,tfim_N12_g0.50,baseline,RBM alpha=1 SGD,mc_energy_error,5,0.0010552202232994412,0.00027329239430483706,0.0008575819314532403,0.001274288717381699,0.0007640213029454833,0.0014030696026391901
main,tfim_N12_g0.50,baseline,RBM alpha=1 SGD,n_params,5,168.0,0.0,168.0,168.0,168.0,168.0
main,tfim_N12_g0.50,baseline,RBM alpha=1 SGD,runtime_s,5,1.1169944286346436,0.050842227374080104,1.0700833797454834,1.1529569149017334,1.0350933074951172,1.1734528541564941
main,tfim_N12_g0.50,baseline,RBM alpha=2 SGD,rel_energy_error,5,0.0009593529311511823,9.717773606909503e-05,0.000891729487400987,0.001039746061557783,0.000856589675231609,0.0011132294988935652
main,tfim_N12_g0.50,baseline,RBM alpha=2 SGD,mz_error,5,0.003485470632859133,0.0018618015493757556,0.0020554460005219877,0.004915495265196279,0.0013123301306686708,0.005867547464139422
main,tfim_N12_g0.50,baseline,RBM alpha=2 SGD,mx_error,5,0.009733341928770206,0.007271313027989507,0.004178547441270053,0.015278519411725566,0.0010882150258579304,0.01892607758550821
main,tfim_N12_g0.50,baseline,RBM alpha=2 SGD,infidelity,5,0.49850326965728475,0.0018664091267126318,0.4970485103696752,0.4999357150571962,0.49608650713001823,0.50018824183982
main,tfim_N12_g0.50,baseline,RBM alpha=2 SGD,mc_energy_error,5,0.001226485917041395,0.0006048136095548658,0.0008387360068611049,0.0017311271444669534,0.0006616177412895487,0.0022238476040306247
main,tfim_N12_g0.50,baseline,RBM alpha=2 SGD,n_params,5,324.0,0.0,324.0,324.0,324.0,324.0
main,tfim_N12_g0.50,baseline,RBM alpha=2 SGD,runtime_s,5,1.7768073558807373,0.06802163405898054,1.7251370429992676,1.8320608615875245,1.7074790000915527,1.8683698177337646
main,tfim_N12_g0.50,baseline,RBM alpha=4 SGD,rel_energy_error,5,0.0009685570109219405,9.912282946477618e-05,0.0008962628917089171,0.0010408511301349642,0.000860094643744725,0.0011057421850927387
main,tfim_N12_g0.50,baseline,RBM alpha=4 SGD,mz_error,5,0.0028373514754459262,0.0016796674542396296,0.0014684062505273543,0.0041068794085062695,0.00023359574548387219,0.004653030863565055
main,tfim_N12_g0.50,baseline,RBM alpha=4 SGD,mx_error,5,0.008792184128246954,0.00540705925851758,0.004689147545775718,0.013124802522680973,0.0011549895355130735,0.015578797410238654
main,tfim_N12_g0.50,baseline,RBM alpha=4 SGD,infidelity,5,0.4895321929556169,0.010196668697722372,0.4814352149133897,0.4976291709978442,0.478085533057771,0.4994276681674986
main,tfim_N12_g0.50,baseline,RBM alpha=4 SGD,mc_energy_error,5,0.0011530373292545602,0.00016779225209474322,0.0010356557790612499,0.0012949422628601112,0.0009752182571028629,0.001412400861209279
main,tfim_N12_g0.50,baseline,RBM alpha=4 SGD,n_params,5,636.0,0.0,636.0,636.0,636.0,636.0
main,tfim_N12_g0.50,baseline,RBM alpha=4 SGD,runtime_s,5,3.165766191482544,0.12484051952097439,3.0690563678741456,3.2612088203430174,3.0164129734039307,3.2975668907165527
main,tfim_N8_g1.50,baseline,Mean-field SR,rel_energy_error,5,0.06709318886458812,0.0004454615326680459,0.06673706569619502,0.06744925855735737,0.066564571246785,0.06775155934872223
main,tfim_N8_g1.50,baseline,Mean-field SR,mz_error,5,0.19053916296718182,0.019739821572665118,0.17423570755752682,0.2036261804219659,0.15816403290747466,0.20762608279502637
main,tfim_N8_g1.50,baseline,Mean-field SR,mx_error,5,0.11812715082642455,0.01785084206646148,0.10348867251235587,0.13015912382272282,0.08920654841138609,0.13359533807934665
main,tfim_N8_g1.50,baseline,Mean-field SR,infidelity,5,0.5227265590504415,0.018117389644228446,0.5078423826194196,0.5349389585192541,0.4933976806546708,0.5381272783675168
main,tfim_N8_g1.50,baseline,Mean-field SR,mc_energy_error,5,0.06741695751525842,0.0008432422586169422,0.06681145469403352,0.06808191487260083,0.06636920885294233,0.06859860163457152
main,tfim_N8_g1.50,baseline,Mean-field SR,n_params,5,8.0,0.0,8.0,8.0,8.0,8.0
main,tfim_N8_g1.50,baseline,Mean-field SR,runtime_s,5,0.384735107421875,0.013280991760143352,0.3742523193359375,0.39471707344055174,0.36813998222351074,0.3964660167694092
main,tfim_N8_g1.50,baseline,RBM alpha=1 SR,rel_energy_error,5,3.1731999814463065e-06,9.187923390942544e-07,2.451922528406071e-06,3.894477434486542e-06,2.15339449994205e-06,4.2955869075943605e-06
main,tfim_N8_g1.50,baseline,RBM alpha=1 SR,mz_error,5,0.0001254728257238935,8.33788137996028e-05,5.956226067664883e-05,0.0001897199164650698,5.3979955914607025e-06,0.00022656068477516778
main,tfim_N8_g1.50,baseline,RBM alpha=1 SR,mx_error,5,4.888108301690508e-05,4.6809013005565665e-05,1.2826518600106418e-05,8.493564743370375e-05,6.658506177759094e-06,0.00010364683986441303
main,tfim_N8_g1.50,baseline,RBM alpha=1 SR,infidelity,5,4.024824808834815e-06,1.1295510385274462e-06,3.131405188883107e-06,4.918244428786522e-06,2.677998973354967e-06,5.1756750023557174e-06
main,tfim_N8_g1.50,baseline,RBM alpha=1 SR,mc_energy_error,5,-1.6070792012000972e-06,2.1640253643493595e-05,-1.8607296110425073e-05,1.5166203113294631e-05,-3.1607005575784996e-05,2.813496872165446e-05
main,tfim_N8_g1.50,baseline,RBM alpha=1 SR,n_params,5,80.0,0.0,80.0,80.0,80.0,80.0
main,tfim_N8_g1.50,baseline,RBM alpha=1 SR,runtime_s,5,0.8287387371063233,0.052173544955092195,0.7824482917785645,0.8656678199768066,0.7505998611450195,0.8755190372467041
main,tfim_N8_g1.50,method,RBM alpha=2 SR,rel_energy_error,5,1.408076869049084e-06,7.850096379237846e-07,8.182660758624017e-07,2.0268093272119203e-06,7.268356530502103e-07,2.3914321516232595e-06
main,tfim_N8_g1.50,method,RBM alpha=2 SR,mz_error,5,0.0001022891402069459,4.4888279526182794e-05,6.247504771770274e-05,0.0001336426252709244,2.848803377475395e-05,0.00015066808634289774
main,tfim_N8_g1.50,method,RBM alpha=2 SR,mx_error,5,8.45062574322375e-05,6.007378698039016e-05,3.80000895547683e-05,0.00012941532403498712,1.8856881680573423e-06,0.00015447672621049513
main,tfim_N8_g1.50,method,RBM alpha=2 SR,infidelity,5,2.041174767564158e-06,1.0815945845335892e-06,1.2352436983054104e-06,2.904933971970003e-06,1.0760301009105078e-06,3.3944105365391053e-06
main,tfim_N8_g1.50,method,RBM alpha=2 SR,mc_energy_error,5,-4.780781424765349e-06,2.3667783919916833e-05,-1.850758629015936e-05,1.6981951131934144e-05,-2.0586889300761817e-05,3.647302344498425e-05
main,tfim_N8_g1.50,method,RBM alpha=2 SR,n_params,5,152.0,0.0,152.0,152.0,152.0,152.0
main,tfim_N8_g1.50,method,RBM alpha=2 SR,runtime_s,5,1.3322405815124512,0.06306405779719287,1.2843482971191407,1.3801328659057617,1.2703909873962402,1.418222188949585
main,tfim_N8_g1.50,baseline,RBM alpha=4 SR,rel_energy_error,5,,,,,,
main,tfim_N8_g1.50,baseline,RBM alpha=4 SR,mz_error,5,,,,,,
main,tfim_N8_g1.50,baseline,RBM alpha=4 SR,mx_error,5,,,,,,
main,tfim_N8_g1.50,baseline,RBM alpha=4 SR,infidelity,5,,,,,,
main,tfim_N8_g1.50,baseline,RBM alpha=4 SR,mc_energy_error,5,,,,,,
main,tfim_N8_g1.50,baseline,RBM alpha=4 SR,n_params,5,296.0,0.0,296.0,296.0,296.0,296.0
main,tfim_N8_g1.50,baseline,RBM alpha=4 SR,runtime_s,5,1.8800140857696532,0.5162654322793442,1.4865126609802246,2.273515510559082,1.2694289684295654,2.3387322425842285
main,tfim_N12_g0.50,baseline,Mean-field SR,rel_energy_error,5,0.1834879848578284,0.10199896596868915,0.09213474060814855,0.2294647701347933,0.001029651346514582,0.2299130338909225
main,tfim_N12_g0.50,baseline,Mean-field SR,mz_error,5,0.6563950545543644,0.36431529986551836,0.32814517380754704,0.8290206514900866,0.005291020066638952,0.8399804741008619
main,tfim_N12_g0.50,baseline,Mean-field SR,mx_error,5,0.15556763227914136,0.0787254924905992,0.08415421585813534,0.19558573074691443,0.015359784540820098,0.20139806985689696
main,tfim_N12_g0.50,baseline,Mean-field SR,infidelity,5,0.9003712329635037,0.2225925823612123,0.7012781852711228,0.9999247414589743,0.5021855170990952,0.9999306970002357
main,tfim_N12_g0.50,baseline,Mean-field SR,mc_energy_error,5,0.1828919104373103,0.10154362000275187,0.09185893351794512,0.22905441890963846,0.0012577241632903671,0.229244219029502
main,tfim_N12_g0.50,baseline,Mean-field SR,n_params,5,12.0,0.0,12.0,12.0,12.0,12.0
main,tfim_N12_g0.50,baseline,Mean-field SR,runtime_s,5,0.4715732574462891,0.010892393475722963,0.4625407695770264,0.4794759273529053,0.4559478759765625,0.4805262088775635
main,tfim_N12_g1.00,baseline,Mean-field SGD,rel_energy_error,5,0.043425555300418785,0.04959452280162947,0.021224271538748982,0.08778910312118272,0.021209629943227504,0.13214291463314298
main,tfim_N12_g1.00,baseline,Mean-field SGD,mz_error,5,0.23833938504556818,0.1375251295361778,0.17575536363325395,0.36173004359855837,0.1742025507898889,0.4843331338813671
main,tfim_N12_g1.00,baseline,Mean-field SGD,mx_error,5,0.12555344190046794,0.03852972472118785,0.09096753499819579,0.14460657383250466,0.05683390877911021,0.14622964345749617
main,tfim_N12_g1.00,baseline,Mean-field SGD,infidelity,5,0.6754550638621977,0.1373443645723549,0.6133064061356429,0.7985345465500555,0.6123206170014553,0.9211362929441851
main,tfim_N12_g1.00,baseline,Mean-field SGD,mc_energy_error,5,0.04421965549471514,0.05039100133524182,0.021541761276838982,0.08933341629851424,0.02132751687908689,0.1343609256595902
main,tfim_N12_g1.00,baseline,Mean-field SGD,n_params,5,12.0,0.0,12.0,12.0,12.0,12.0
main,tfim_N12_g1.00,baseline,Mean-field SGD,runtime_s,5,0.45770702362060545,0.012085151860177036,0.44839725494384763,0.46701679229736326,0.44352102279663086,0.472430944442749
main,tfim_N12_g0.50,baseline,RBM alpha=1 SR,rel_energy_error,5,7.866506769987151e-05,1.5569607511380184e-05,6.474343460391389e-05,8.93273024426172e-05,5.438300265505334e-05,9.075565867513571e-05
main,tfim_N12_g0.50,baseline,RBM alpha=1 SR,mz_error,5,0.0002462699985849914,0.00022057056064763326,8.1294479842553e-05,0.0004112455173274299,1.3362375438363827e-06,0.00044071784946109194
main,tfim_N12_g0.50,baseline,RBM alpha=1 SR,mx_error,5,0.0006081150982826355,0.0006042340042600637,0.000294652149317709,0.001146056684941632,0.0002459098396216386,0.00168138661075512
main,tfim_N12_g0.50,baseline,RBM alpha=1 SR,infidelity,5,0.0013889271070930188,0.0007131014007953462,0.0008891066346128351,0.00196990047017378,0.0006962421750954517,0.0025018821745476094
main,tfim_N12_g0.50,baseline,RBM alpha=1 SR,mc_energy_error,5,0.00011343484665427377,6.357076945674226e-05,6.316454218429988e-05,0.00016370515112424766,4.7268205693145204e-05,0.00018766926120062578
main,tfim_N12_g0.50,baseline,RBM alpha=1 SR,n_params,5,168.0,0.0,168.0,168.0,168.0,168.0
main,tfim_N12_g0.50,baseline,RBM alpha=1 SR,runtime_s,5,1.3536565780639649,0.020669800812808843,1.3371506214141846,1.369131374359131,1.3286559581756592,1.3757288455963135
main,tfim_N12_g1.00,baseline,RBM alpha=1 SGD,rel_energy_error,5,0.0074837896578740706,0.0021932761107177,0.005680442657681974,0.009093159951471929,0.004259974464909562,0.009837168234701554
main,tfim_N12_g1.00,baseline,RBM alpha=1 SGD,mz_error,5,0.06727463872683097,0.029379848542226094,0.04489053099338362,0.09052739195902482,0.03254110107020847,0.10434223044512114
main,tfim_N12_g1.00,baseline,RBM alpha=1 SGD,mx_error,5,0.04092899349887895,0.021050360890356997,0.025465378524025972,0.05836658545493214,0.01587868689842098,0.06750278538531684
main,tfim_N12_g1.00,baseline,RBM alpha=1 SGD,infidelity,5,0.34606327445028884,0.18795972108305556,0.17724305340432903,0.4619974008333654,0.025707089330959998,0.4786653742256527
main,tfim_N12_g1.00,baseline,RBM alpha=1 SGD,mc_energy_error,5,0.007395821275320106,0.002416088451590593,0.00548979842378858,0.00922543850335127,0.003996578229706549,0.010222645028977698
main,tfim_N12_g1.00,baseline,RBM alpha=1 SGD,n_params,5,168.0,0.0,168.0,168.0,168.0,168.0
main,tfim_N12_g1.00,baseline,RBM alpha=1 SGD,runtime_s,5,1.296407413482666,0.01724157722527945,1.2833195686340333,1.3094952583312989,1.2745931148529053,1.317770004272461
main,tfim_N12_g0.50,method,RBM alpha=2 SR,rel_energy_error,5,6.144035314258264e-05,1.766045864956733e-05,4.69414991697392e-05,7.464947818966401e-05,3.733707753964538e-05,8.250671614588839e-05
main,tfim_N12_g0.50,method,RBM alpha=2 SR,mz_error,5,0.0002959919798509736,0.00011204371803891204,0.00021371998894781363,0.00039025552089317906,0.00020156003259030886,0.00045406849739559885
main,tfim_N12_g0.50,method,RBM alpha=2 SR,mx_error,5,0.0008638512895354222,0.0006667212159294363,0.0003439672837805441,0.0013837352952903003,6.378311914323476e-05,0.0016545330101699895
main,tfim_N12_g0.50,method,RBM alpha=2 SR,infidelity,5,0.048031182900379756,0.03701436186104646,0.0188699390637558,0.0760772300581074,0.00023827358970185397,0.09350383136050566
main,tfim_N12_g0.50,method,RBM alpha=2 SR,mc_energy_error,5,0.00013396431748745606,9.139615072388875e-05,6.508540380005393e-05,0.00020501429898709327,1.9932824078561732e-05,0.00024076709919844568
main,tfim_N12_g0.50,method,RBM alpha=2 SR,n_params,5,324.0,0.0,324.0,324.0,324.0,324.0
main,tfim_N12_g0.50,method,RBM alpha=2 SR,runtime_s,5,2.4053526878356934,0.029655776098028948,2.3817751884460447,2.430109643936157,2.36513614654541,2.4478273391723633
main,tfim_N12_g1.00,baseline,RBM alpha=2 SGD,rel_energy_error,5,0.005396602047505049,0.0017015005281330816,0.0038815603856655356,0.006309834725773296,0.0023906886923190456,0.006522905253382131
main,tfim_N12_g1.00,baseline,RBM alpha=2 SGD,mz_error,5,0.042624056618347096,0.02062896696312972,0.025925329886404124,0.05818312945291584,0.013178358566813264,0.06150108024992895
main,tfim_N12_g1.00,baseline,RBM alpha=2 SGD,mx_error,5,0.028659497526075016,0.014787556859037288,0.016778971983208525,0.039788944265813544,0.00909650095778669,0.047508856084895856
main,tfim_N12_g1.00,baseline,RBM alpha=2 SGD,infidelity,5,0.30724458844137537,0.1710327741973709,0.15414760952841108,0.4019720111616353,0.0058827081220721444,0.4147587250938174
main,tfim_N12_g1.00,baseline,RBM alpha=2 SGD,mc_energy_error,5,0.005292377701203532,0.0018706420737454356,0.00363633393316483,0.006478387833946002,0.0020878668865127762,0.006964200066335608
main,tfim_N12_g1.00,baseline,RBM alpha=2 SGD,n_params,5,324.0,0.0,324.0,324.0,324.0,324.0
main,tfim_N12_g1.00,baseline,RBM alpha=2 SGD,runtime_s,5,2.1493709087371826,0.0937115253231464,2.0863389015197753,2.2258181095123293,2.0573911666870117,2.3000900745391846
main,tfim_N12_g1.00,baseline,RBM alpha=4 SGD,rel_energy_error,5,0.002522004821861333,0.0011766760863673126,0.0018513444583383692,0.003560688591532362,0.0016648644739222114,0.004584522093828541
main,tfim_N12_g1.00,baseline,RBM alpha=4 SGD,mz_error,5,0.013305082827349124,0.0098768758523291,0.005607112996663189,0.021426759441775366,0.0001726595843656309,0.0277960789842584
main,tfim_N12_g1.00,baseline,RBM alpha=4 SGD,mx_error,5,0.01168314715739378,0.007174533002453061,0.006450768233282389,0.017710641199655708,0.0027976859150476985,0.022634790482132905
main,tfim_N12_g1.00,baseline,RBM alpha=4 SGD,infidelity,5,0.057049259964080834,0.1137238954441393,0.005085391880654733,0.15904225726964888,0.003678100408564644,0.2604674967370457
main,tfim_N12_g1.00,baseline,RBM alpha=4 SGD,mc_energy_error,5,0.0025502382233246394,0.0011232005090733297,0.0019390670724253368,0.003568145740632595,0.0017612281176647912,0.004528295604385364
main,tfim_N12_g1.00,baseline,RBM alpha=4 SGD,n_params,5,636.0,0.0,636.0,636.0,636.0,636.0
main,tfim_N12_g1.00,baseline,RBM alpha=4 SGD,runtime_s,5,3.8054970264434815,0.07758231618951503,3.7435163974761965,3.86329984664917,3.695863962173462,3.895503044128418
main,tfim_N12_g0.50,baseline,RBM alpha=4 SR,rel_energy_error,5,,,,,,
main,tfim_N12_g0.50,baseline,RBM alpha=4 SR,mz_error,5,,,,,,
main,tfim_N12_g0.50,baseline,RBM alpha=4 SR,mx_error,5,,,,,,
main,tfim_N12_g0.50,baseline,RBM alpha=4 SR,infidelity,5,,,,,,
main,tfim_N12_g0.50,baseline,RBM alpha=4 SR,mc_energy_error,5,,,,,,
main,tfim_N12_g0.50,baseline,RBM alpha=4 SR,n_params,5,636.0,0.0,636.0,636.0,636.0,636.0
main,tfim_N12_g0.50,baseline,RBM alpha=4 SR,runtime_s,5,5.151253271102905,0.7400378032363188,4.487751626968384,5.502030277252198,3.8286099433898926,5.518432140350342
main,tfim_N12_g1.50,baseline,Mean-field SGD,rel_energy_error,5,0.06697559241946907,0.0006284406525205995,0.06654115633079075,0.06752626484691207,0.0663820564316988,0.06802390395856767
main,tfim_N12_g1.50,baseline,Mean-field SGD,mz_error,5,0.2714491918800027,0.011754782882636546,0.26166626784107444,0.28028086408901587,0.2550249412889952,0.2873464278554835
main,tfim_N12_g1.50,baseline,Mean-field SGD,mx_error,5,0.11884617219742377,0.01040499984382115,0.10999863516810085,0.1265656136078293,0.10395973939996861,0.13252537528703223
main,tfim_N12_g1.50,baseline,Mean-field SGD,infidelity,5,0.66057326184656,0.011232674130778443,0.6507259994164662,0.6687102697290911,0.6439951416140717,0.6746264856773694
main,tfim_N12_g1.50,baseline,Mean-field SGD,mc_energy_error,5,0.06593457363313468,0.0012470096676100908,0.06491187479242203,0.0668665605681582,0.0643408600854863,0.06733560773898885
main,tfim_N12_g1.50,baseline,Mean-field SGD,n_params,5,12.0,0.0,12.0,12.0,12.0,12.0
main,tfim_N12_g1.50,baseline,Mean-field SGD,runtime_s,5,0.45314803123474123,0.005661397078761141,0.448789644241333,0.4574413299560547,0.4466428756713867,0.4595193862915039
main,tfim_N12_g1.50,baseline,RBM alpha=1 SGD,rel_energy_error,5,0.0013182512874799035,0.0001842598935270666,0.001151872599395949,0.0014287346731235418,0.0009997081501290875,0.00143977928692182
main,tfim_N12_g1.50,baseline,RBM alpha=1 SGD,mz_error,5,0.0019779305118436284,0.0017919365756095026,0.0007172879716854319,0.0035480923601182044,0.0001249606439110429,0.004688251902286222
main,tfim_N12_g1.50,baseline,RBM alpha=1 SGD,mx_error,5,0.0016351316496143076,0.0013983945298785823,0.0005628464777359011,0.0027319936442762095,0.00025997954610068597,0.0035547327916451987
main,tfim_N12_g1.50,baseline,RBM alpha=1 SGD,infidelity,5,0.002994572591717781,0.0004422280771166489,0.00259603970560609,0.0032173781962325566,0.002207210041283547,0.0032373560778892196
main,tfim_N12_g1.50,baseline,RBM alpha=1 SGD,mc_energy_error,5,0.0012783340689269066,0.0004291659488839384,0.0009096371125879999,0.0015920159360489259,0.0006565038049972815,0.0016750046581031262
main,tfim_N12_g1.50,baseline,RBM alpha=1 SGD,n_params,5,168.0,0.0,168.0,168.0,168.0,168.0
main,tfim_N12_g1.50,baseline,RBM alpha=1 SGD,runtime_s,5,1.4775835037231446,0.01802264236057351,1.4663376808166504,1.4934511661529541,1.463395118713379,1.5085842609405518
main,tfim_N12_g1.50,baseline,RBM alpha=2 SGD,rel_energy_error,5,0.0009003650663166752,3.0027295718525133e-05,0.0008771514368020618,0.0009221030152696061,0.0008559202704083056,0.0009322001281917071
main,tfim_N12_g1.50,baseline,RBM alpha=2 SGD,mz_error,5,0.002000869150310114,0.0018203798305145922,0.0007148618608200707,0.003600451361254331,4.1718629156972664e-05,0.0049753093947433324
main,tfim_N12_g1.50,baseline,RBM alpha=2 SGD,mx_error,5,0.0008152092229879226,0.0006003418094254259,0.0003390753637348309,0.00126849894488843,4.9106964695067035e-05,0.0015608377456920453
main,tfim_N12_g1.50,baseline,RBM alpha=2 SGD,infidelity,5,0.0021016830880416838,8.246529673056754e-05,0.0020372018777796486,0.002168157006299887,0.0019920072369471464,0.002217980441109657
main,tfim_N12_g1.50,baseline,RBM alpha=2 SGD,mc_energy_error,5,0.0010312862641399935,0.00013168182113386444,0.0009390150061687825,0.001135197030608917,0.0009098672991293073,0.0012363512199917706
main,tfim_N12_g1.50,baseline,RBM alpha=2 SGD,n_params,5,324.0,0.0,324.0,324.0,324.0,324.0
main,tfim_N12_g1.50,baseline,RBM alpha=2 SGD,runtime_s,5,2.464143991470337,0.058676050312408454,2.4217502593994142,2.5148303508758545,2.4118690490722656,2.5477778911590576
main,tfim_N12_g1.00,baseline,Mean-field SR,rel_energy_error,5,0.022250370807562952,0.000237409466159117,0.022089771249487924,0.022446236745287874,0.021997543871577097,0.02263236258118816
main,tfim_N12_g1.00,baseline,Mean-field SR,mz_error,5,0.17910304615103376,0.006655859550008854,0.17319751273940728,0.18310017122312439,0.167613856474367,0.18475675342094044
main,tfim_N12_g1.00,baseline,Mean-field SR,mx_error,5,0.14806024517378905,0.011586451185633697,0.13784238857991013,0.15519381430924203,0.12806012839005554,0.1577160653279694
main,tfim_N12_g1.00,baseline,Mean-field SR,infidelity,5,0.6173063336079668,0.0042022489709352675,0.6136307422546157,0.6199002959820834,0.6100618158279423,0.6206107243737657
main,tfim_N12_g1.00,baseline,Mean-field SR,mc_energy_error,5,0.021777925433308316,0.0006004488276910806,0.021238083442651427,0.02207719379422516,0.020706670458738422,0.022116083142981222
main,tfim_N12_g1.00,baseline,Mean-field SR,n_params,5,12.0,0.0,12.0,12.0,12.0,12.0
main,tfim_N12_g1.00,baseline,Mean-field SR,runtime_s,5,0.45534477233886717,0.01066679871332393,0.4470643997192383,0.4637424123287201,0.4401552677154541,0.4696371555328369
main,tfim_N12_g1.00,baseline,RBM alpha=1 SR,rel_energy_error,5,0.00011264017348797594,4.292712348086428e-05,8.406015948619429e-05,0.00015084017285890063,8.157489375910781e-05,0.0001832856716203945
main,tfim_N12_g1.00,baseline,RBM alpha=1 SR,mz_error,5,0.004377827600942163,0.0014486113064336328,0.003246713446324989,0.005508941755559338,0.002799439167337714,0.0058279718408691394
main,tfim_N12_g1.00,baseline,RBM alpha=1 SR,mx_error,5,0.002357559317316138,0.0013795497455124446,0.001299270555496368,0.0033959485895769027,0.0004565300731306232,0.003929745986087307
main,tfim_N12_g1.00,baseline,RBM alpha=1 SR,infidelity,5,0.00032536957430515654,9.167531340443746e-05,0.00027963423254100394,0.00040851195575890563,0.0002780021032092739,0.0004887234351913516
main,tfim_N12_g1.00,baseline,RBM alpha=1 SR,mc_energy_error,5,0.00012890274445038618,8.60961921598941e-05,5.5777489090509234e-05,0.00018784855720170335,-7.945046241647018e-06,0.00022475102966855706
main,tfim_N12_g1.00,baseline,RBM alpha=1 SR,n_params,5,168.0,0.0,168.0,168.0,168.0,168.0
main,tfim_N12_g1.00,baseline,RBM alpha=1 SR,runtime_s,5,1.438486433029175,0.03803845640169932,1.4077090263366698,1.4699414253234864,1.3869540691375732,1.4938549995422363
main,tfim_N12_g1.50,baseline,RBM alpha=4 SGD,rel_energy_error,5,0.000773411237808571,6.396492064906531e-06,0.0007678336509162768,0.0007770945982988524,0.0007622604643920674,0.000777824104426128
main,tfim_N12_g1.50,baseline,RBM alpha=4 SGD,mz_error,5,0.003040926043868608,0.0016813842690751285,0.001723931247792676,0.004277896550434923,0.0005690823259678068,0.005136126539557695
main,tfim_N12_g1.50,baseline,RBM alpha=4 SGD,mx_error,5,0.0013870468618853772,0.0008067071041662639,0.0007251667525950856,0.0019853146301002543,0.0001465241471040324,0.002246770609612647
main,tfim_N12_g1.50,baseline,RBM alpha=4 SGD,infidelity,5,0.001837078061105135,7.84385304096931e-05,0.0017911570782752407,0.0019091172456601635,0.001775133543932661,0.0019741977371584563
main,tfim_N12_g1.50,baseline,RBM alpha=4 SGD,mc_energy_error,5,0.0005786864993341509,0.00010297462004297426,0.0004969981143113705,0.0006563372934017492,0.0004318890893660573,0.0006728901659419412
main,tfim_N12_g1.50,baseline,RBM alpha=4 SGD,n_params,5,636.0,0.0,636.0,636.0,636.0,636.0
main,tfim_N12_g1.50,baseline,RBM alpha=4 SGD,runtime_s,5,3.967481565475464,0.045152813278521,3.932960939407349,4.004188776016235,3.9052679538726807,4.030380964279175
main,tfim_N12_g1.00,method,RBM alpha=2 SR,rel_energy_error,5,,,,,,
main,tfim_N12_g1.00,method,RBM alpha=2 SR,mz_error,5,,,,,,
main,tfim_N12_g1.00,method,RBM alpha=2 SR,mx_error,5,,,,,,
main,tfim_N12_g1.00,method,RBM alpha=2 SR,infidelity,5,,,,,,
main,tfim_N12_g1.00,method,RBM alpha=2 SR,mc_energy_error,5,,,,,,
main,tfim_N12_g1.00,method,RBM alpha=2 SR,n_params,5,324.0,0.0,324.0,324.0,324.0,324.0
main,tfim_N12_g1.00,method,RBM alpha=2 SR,runtime_s,5,2.2809697151184083,0.6300677026557251,1.8096187114715576,2.743876266479492,1.5663418769836426,2.7639849185943604
main,tfim_N12_g1.00,baseline,RBM alpha=4 SR,rel_energy_error,5,,,,,,
main,tfim_N12_g1.00,baseline,RBM alpha=4 SR,mz_error,5,,,,,,
main,tfim_N12_g1.00,baseline,RBM alpha=4 SR,mx_error,5,,,,,,
main,tfim_N12_g1.00,baseline,RBM alpha=4 SR,infidelity,5,,,,,,
main,tfim_N12_g1.00,baseline,RBM alpha=4 SR,mc_energy_error,5,,,,,,
main,tfim_N12_g1.00,baseline,RBM alpha=4 SR,n_params,5,636.0,0.0,636.0,636.0,636.0,636.0
main,tfim_N12_g1.00,baseline,RBM alpha=4 SR,runtime_s,5,5.502270746231079,1.006271042866281,4.599517869949341,6.013494253158569,3.709293842315674,6.088092088699341
main,tfim_N12_g1.50,baseline,Mean-field SR,rel_energy_error,5,0.06833433808060022,0.0007166208785394138,0.06785836260760637,0.06896180171539289,0.06776625291107875,0.06949346142587294
main,tfim_N12_g1.50,baseline,Mean-field SR,mz_error,5,0.26568380358933497,0.010583843682636537,0.25816627965213634,0.27455943368223423,0.25650160869106764,0.2822707021395208
main,tfim_N12_g1.50,baseline,Mean-field SR,mx_error,5,0.11526950194956738,0.009484433015667091,0.1084678403991958,0.12345913966065399,0.10667346674097122,0.12989087583687342
main,tfim_N12_g1.50,baseline,Mean-field SR,infidelity,5,0.6582137844640675,0.010310049935233299,0.650668474260159,0.6669962409914045,0.648696431549541,0.673601260450541
main,tfim_N12_g1.50,baseline,Mean-field SR,mc_energy_error,5,0.0666693771690337,0.0017496520215392276,0.06524548890622506,0.06801595956441693,0.06431715276266804,0.06895883348045315
main,tfim_N12_g1.50,baseline,Mean-field SR,n_params,5,12.0,0.0,12.0,12.0,12.0,12.0
main,tfim_N12_g1.50,baseline,Mean-field SR,runtime_s,5,0.45676026344299314,0.010916200169355978,0.4488184452056885,0.466231107711792,0.44547390937805176,0.4725620746612549
main,tfim_N12_g1.50,baseline,RBM alpha=1 SR,rel_energy_error,5,7.1258541764403864e-06,1.6822893366533456e-06,5.847872734694169e-06,8.412646126493946e-06,5.523639146608956e-06,9.374632831354014e-06
main,tfim_N12_g1.50,baseline,RBM alpha=1 SR,mz_error,5,0.0003729703250586858,0.0001728806993063037,0.0002623238462037936,0.0005240118730300946,0.00022856345278399193,0.0006629710911300046
main,tfim_N12_g1.50,baseline,RBM alpha=1 SR,mx_error,5,0.00013001050376366675,4.588295548416225e-05,9.70246830636512e-05,0.00016402667357668933,8.125670886383052e-05,0.00019674167364425177
main,tfim_N12_g1.50,baseline,RBM alpha=1 SR,infidelity,5,1.600695664885077e-05,3.7693532752036054e-06,1.3066723003363201e-05,1.8947190294338335e-05,1.2021793202254827e-05,2.0491429732261146e-05
main,tfim_N12_g1.50,baseline,RBM alpha=1 SR,mc_energy_error,5,8.051118117870504e-06,1.5266045961894378e-05,-2.19626904321558e-06,2.044187238913711e-05,-7.215709414817899e-06,3.2322347681380356e-05
main,tfim_N12_g1.50,baseline,RBM alpha=1 SR,n_params,5,168.0,0.0,168.0,168.0,168.0,168.0
main,tfim_N12_g1.50,baseline,RBM alpha=1 SR,runtime_s,5,1.5051981925964355,0.06374055142539825,1.4482640266418456,1.5457505702972412,1.397252082824707,1.565053939819336
main,tfim_N12_g1.50,method,RBM alpha=2 SR,rel_energy_error,5,,,,,,
main,tfim_N12_g1.50,method,RBM alpha=2 SR,mz_error,5,,,,,,
main,tfim_N12_g1.50,method,RBM alpha=2 SR,mx_error,5,,,,,,
main,tfim_N12_g1.50,method,RBM alpha=2 SR,infidelity,5,,,,,,
main,tfim_N12_g1.50,method,RBM alpha=2 SR,mc_energy_error,5,,,,,,
main,tfim_N12_g1.50,method,RBM alpha=2 SR,n_params,5,324.0,0.0,324.0,324.0,324.0,324.0
main,tfim_N12_g1.50,method,RBM alpha=2 SR,runtime_s,5,2.0993894577026366,0.7231820330347714,1.5623343944549561,2.6364445209503176,1.484833002090454,2.9381861686706543
main,tfim_N12_g1.50,baseline,RBM alpha=4 SR,rel_energy_error,5,,,,,,
main,tfim_N12_g1.50,baseline,RBM alpha=4 SR,mz_error,5,,,,,,
main,tfim_N12_g1.50,baseline,RBM alpha=4 SR,mx_error,5,,,,,,
main,tfim_N12_g1.50,baseline,RBM alpha=4 SR,infidelity,5,,,,,,
main,tfim_N12_g1.50,baseline,RBM alpha=4 SR,mc_energy_error,5,,,,,,
main,tfim_N12_g1.50,baseline,RBM alpha=4 SR,n_params,5,636.0,0.0,636.0,636.0,636.0,636.0
main,tfim_N12_g1.50,baseline,RBM alpha=4 SR,runtime_s,5,5.094576406478882,1.320985122504131,4.07668776512146,6.063025045394897,3.5117549896240234,6.089552164077759
main,tfim_N10_g0.25,baseline,Jastrow SGD,energy,5,-10.153117084591875,0.00033183092153833173,-10.153373621942023,-10.152848684224278,-10.153535722662749,-10.152622703988195
main,tfim_N10_g0.25,baseline,Jastrow SGD,rel_energy_error,5,0.0003695248499001523,3.267058766384758e-05,0.00034426733035370917,0.0003959503490611093,0.0003283076187568117,0.0004181993518942571
main,tfim_N10_g0.25,baseline,Jastrow SGD,mz_error,5,0.0005915782504020805,0.0003646375951090616,0.0003067723737891992,0.0008763841270149619,0.00023879789442793342,0.001055464091735514
main,tfim_N10_g0.25,baseline,Jastrow SGD,mx_error,5,0.005600176025126161,0.0030331891823253076,0.0033760247815392413,0.00795940185113073,0.0019798174605183266,0.009827169921222498
main,tfim_N10_g0.25,baseline,Jastrow SGD,infidelity,5,0.09426597379537834,0.17904088748361566,0.0014407312872492862,0.2581029332461354,0.0005969916013769394,0.41197503142611913
main,tfim_N10_g0.25,baseline,Jastrow SGD,mc_energy_error,5,0.0002891380128253006,0.00032914144698329345,1.2081495645078121e-05,0.0005402807307888526,-0.0002117765089505229,0.0007012965109396447
main,tfim_N10_g0.25,baseline,Jastrow SGD,n_params,5,55.0,0.0,55.0,55.0,55.0,55.0
main,tfim_N10_g0.25,baseline,Jastrow SGD,runtime_s,5,0.3984548568725586,0.0034359399293298096,0.3959510326385498,0.4011800765991211,0.3948018550872803,0.40354204177856445
main,tfim_N10_g0.25,baseline,Jastrow SR,energy,5,-10.15257048937141,0.00043443957065656037,-10.152797159807484,-10.152182658246291,-10.152837402944474,-10.151800241481848
main,tfim_N10_g0.25,baseline,Jastrow SR,rel_energy_error,5,0.0004233401694121646,4.2772976103083835e-05,0.0004010232125782838,0.00046152428653077496,0.0003970610533903086,0.0004991753299249255
main,tfim_N10_g0.25,baseline,Jastrow SR,mz_error,5,0.0007209005246414879,0.000515373327360743,0.0003985134137939994,0.0011813955012961897,0.0003625141928011999,0.0016000717481527982
main,tfim_N10_g0.25,baseline,Jastrow SR,mx_error,5,0.0034341630854954177,0.002960580377897174,0.001187053685095113,0.0056646553174564355,0.0006048715880921929,0.006681403563578048
main,tfim_N10_g0.25,baseline,Jastrow SR,infidelity,5,0.0016781035003225365,0.000867661736928783,0.0010560802043812379,0.0024196845965173573,0.0008589462353983945,0.0030144618059126937
main,tfim_N10_g0.25,baseline,Jastrow SR,mc_energy_error,5,0.00044364549210715147,0.0005474363506377061,4.6164673667247346e-05,0.0009165047574491343,-0.0002258809931201128,0.0012871491117191604
main,tfim_N10_g0.25,baseline,Jastrow SR,n_params,5,55.0,0.0,55.0,55.0,55.0,55.0
main,tfim_N10_g0.25,baseline,Jastrow SR,runtime_s,5,0.4159835338592529,0.005034908977149292,0.4121541023254395,0.4198129653930664,0.40997886657714844,0.422224760055542
main,tfim_N10_g0.50,baseline,Jastrow SGD,energy,5,-10.614129407697238,0.0038161952155371043,-10.61754880049364,-10.61220980769866,-10.620924627372537,-10.611984954163157
main,tfim_N10_g0.50,baseline,Jastrow SGD,rel_energy_error,5,0.0020191613775944017,0.00035881319656603497,0.001697657054493585,0.0021996494744327792,0.0013802489647451821,0.002220791059513296
main,tfim_N10_g0.50,baseline,Jastrow SGD,mz_error,5,0.00266227240436967,0.0016295854218395345,0.0013931332747348702,0.00393141153400447,0.0009621190842711291,0.004712654865382304
main,tfim_N10_g0.50,baseline,Jastrow SGD,mx_error,5,0.010685736760488623,0.009056193128746351,0.0036028493633115,0.017768624157665745,0.0014811934661361215,0.021992685128394335
main,tfim_N10_g0.50,baseline,Jastrow SGD,infidelity,5,0.09675542322737914,0.2005160386517405,0.0049747754465285345,0.27555152832519736,0.00473909396357608,0.4553958946934402
main,tfim_N10_g0.50,baseline,Jastrow SGD,mc_energy_error,5,0.0016161065767327295,0.0005832483803054989,0.0011779080423353519,0.002092476764197006,0.0011070575110492357,0.0024399489077349913
main,tfim_N10_g0.50,baseline,Jastrow SGD,n_params,5,55.0,0.0,55.0,55.0,55.0,55.0
main,tfim_N10_g0.50,baseline,Jastrow SGD,runtime_s,5,0.3976294040679932,0.02642123716787998,0.3817764759063721,0.42131943702697755,0.3773319721221924,0.44318103790283203
main,tfim_N10_g0.50,baseline,Jastrow SR,energy,5,-10.601637416015262,0.0026841354227319612,-10.603581548337711,-10.599402053779666,-10.60378058248339,-10.597808275769896
main,tfim_N10_g0.50,baseline,Jastrow SR,rel_energy_error,5,0.0031937059733857104,0.00025237262683226817,0.0030109112540986334,0.0034038832373716327,0.002992197306302623,0.0035537363109194586
main,tfim_N10_g0.50,baseline,Jastrow SR,mz_error,5,0.011887769933753466,0.0019703458472517467,0.010422318994470636,0.01343025803049854,0.009324454859660714,0.014255973388190402
main,tfim_N10_g0.50,baseline,Jastrow SR,mx_error,5,0.020798227821921523,0.005616670623153786,0.016738123598640686,0.024944318216012572,0.014234576837336421,0.028785302536673885
main,tfim_N10_g0.50,baseline,Jastrow SR,infidelity,5,0.00821783136694929,0.0006189237987472381,0.007742009257209026,0.008687443097166936,0.007696911182150101,0.008934445403629643
main,tfim_N10_g0.50,baseline,Jastrow SR,mc_energy_error,5,0.003026199635060022,0.0006630742983513915,0.0024660751487149126,0.0034696570771573635,0.00195847756142155,0.0036245527075020193
main,tfim_N10_g0.50,baseline,Jastrow SR,n_params,5,55.0,0.0,55.0,55.0,55.0,55.0
main,tfim_N10_g0.50,baseline,Jastrow SR,runtime_s,5,0.40353803634643554,0.009580748430117622,0.3965272903442383,0.4110095977783203,0.3904581069946289,0.4145219326019287
main,tfim_N10_g0.75,baseline,Jastrow SGD,energy,5,-11.432048665464716,0.00027848488902109514,-11.432200084955245,-11.431797905752475,-11.432242012515665,-11.431558011490171
main,tfim_N10_g0.75,baseline,Jastrow SGD,rel_energy_error,5,0.003494657473546994,2.4274886142125432e-05,0.0034814585854313768,0.0035165156199087576,0.003477803856590774,0.0035374266500332588
main,tfim_N10_g0.75,baseline,Jastrow SGD,mz_error,5,0.01315644244595553,0.007591129398089191,0.007597511798640299,0.01892764085852745,0.005082946875053174,0.02390280514024634
main,tfim_N10_g0.75,baseline,Jastrow SGD,mx_error,5,0.010325776845531353,0.004926990344072758,0.006778268560810719,0.014627998836293454,0.005838491769038445,0.017572546251153676
main,tfim_N10_g0.75,baseline,Jastrow SGD,infidelity,5,0.009884018722096743,0.0016410920774591702,0.008654812707006476,0.011134215935329376,0.008293691778831658,0.012064476609642716
main,tfim_N10_g0.75,baseline,Jastrow SGD,mc_energy_error,5,0.003368110275378879,0.0004963796606185388,0.002969518343532284,0.003716682836739509,0.0025944805697339685,0.003806989998827108
main,tfim_N10_g0.75,baseline,Jastrow SGD,n_params,5,55.0,0.0,55.0,55.0,55.0,55.0
main,tfim_N10_g0.75,baseline,Jastrow SGD,runtime_s,5,0.39795470237731934,0.01718023673771577,0.3872078418731689,0.4132916629314422,0.3840827941894531,0.42770886421203613
main,tfim_N10_g0.75,baseline,Jastrow SR,energy,5,-11.412577076190813,0.003485889654255785,-11.415243236727195,-11.409814961298576,-11.416575587328843,-11.408124804791008
main,tfim_N10_g0.75,baseline,Jastrow SR,rel_energy_error,5,0.005191951047667899,0.0003038569696102086,0.004959547976592553,0.005432718238863559,0.004843410044406407,0.005580045287477847
main,tfim_N10_g0.75,baseline,Jastrow SR,mz_error,5,0.04779350445999109,0.002673758029430099,0.045766478390878974,0.0498205305291032,0.044086885447441104,0.050530053911646
main,tfim_N10_g0.75,baseline,Jastrow SR,mx_error,5,0.05239597465192549,0.003295442578246197,0.04980459784152771,0.054900760290013575,0.04762486258424237,0.05622860819794451
main,tfim_N10_g0.75,baseline,Jastrow SR,infidelity,5,0.02087078723202356,0.0014357444684200947,0.019779651898281635,0.021943257769087475,0.018869435340449048,0.02247544512512545
main,tfim_N10_g0.75,baseline,Jastrow SR,mc_energy_error,5,0.00509577873318749,0.0004496469399094349,0.004702848096146131,0.005452468204677842,0.004410236542729817,0.0056677246632260885
main,tfim_N10_g0.75,baseline,Jastrow SR,n_params,5,55.0,0.0,55.0,55.0,55.0,55.0
main,tfim_N10_g0.75,baseline,Jastrow SR,runtime_s,5,0.4219823837280273,0.02416253095703806,0.4046334266662598,0.4427067279815674,0.4013369083404541,0.4592459201812744
main,tfim_N10_g1.00,baseline,Jastrow SGD,energy,5,-12.768085410474717,0.0003341200538144057,-12.768281642768056,-12.767780684628656,-12.768347624389408,-12.76750333274757
main,tfim_N10_g1.00,baseline,Jastrow SGD,rel_energy_error,5,0.001315694612205515,2.613394593926111e-05,0.0013003458652890115,0.0013395294245622414,0.00129518496547033,0.0013612231211354976
main,tfim_N10_g1.00,baseline,Jastrow SGD,mz_error,5,0.023294340321131313,0.00798588433315812,0.016069080133550906,0.028703873618394393,0.010084166684906415,0.03128607485680446
main,tfim_N10_g1.00,baseline,Jastrow SGD,mx_error,5,0.0111749357613399,0.006006990032009801,0.005885983906515335,0.015475241859346189,0.0016962555186450512,0.017701668673905102
main,tfim_N10_g1.00,baseline,Jastrow SGD,infidelity,5,0.00434810408984958,0.0005316905062395962,0.00396827030400968,0.004758936661123392,0.0037173395004912457,0.005126987445252973
main,tfim_N10_g1.00,baseline,Jastrow SGD,mc_energy_error,5,0.001302022803704735,0.00016771145024028884,0.001173469730527998,0.001432362078431627,0.001113071766833412,0.0015147226975129934
main,tfim_N10_g1.00,baseline,Jastrow SGD,n_params,5,55.0,0.0,55.0,55.0,55.0,55.0
main,tfim_N10_g1.00,baseline,Jastrow SGD,runtime_s,5,0.3968669891357422,0.006973151938711403,0.39165592193603516,0.4025752544403076,0.390826940536499,0.4063301086425781
main,tfim_N10_g1.00,baseline,Jastrow SR,energy,5,-12.765546104646806,0.0005036566020711116,-12.765978419089999,-12.765200039155555,-12.766341679923661,-12.765102272735614
main,tfim_N10_g1.00,baseline,Jastrow SR,rel_energy_error,5,0.0015143120865871687,3.939462555455309e-05,0.0014804976472621739,0.0015413803715834146,0.0014520843901701,0.0015490273903853546
main,tfim_N10_g1.00,baseline,Jastrow SR,mz_error,5,0.038930546785927625,0.00209702027257332,0.03711082419833953,0.04026202865479078,0.035436394954864725,0.040816725102920115
main,tfim_N10_g1.00,baseline,Jastrow SR,mx_error,5,0.02746844466355771,0.001561973684683812,0.02607229942504379,0.028353161909668946,0.02473152130866707,0.02851452657371145
main,tfim_N10_g1.00,baseline,Jastrow SR,infidelity,5,0.006382951021533167,0.0003771315701537629,0.006064314896568557,0.00662664217783715,0.005761096838750035,0.006713783837877907
main,tfim_N10_g1.00,baseline,Jastrow SR,mc_energy_error,5,0.0015182029627512387,0.00018213258334924765,0.0013841672991015594,0.0016672954688828235,0.0012861186162157836,0.0017491556229622905
main,tfim_N10_g1.00,baseline,Jastrow SR,n_params,5,55.0,0.0,55.0,55.0,55.0,55.0
main,tfim_N10_g1.00,baseline,Jastrow SR,runtime_s,5,0.4245030879974365,0.032818765178640304,0.3995535850524902,0.4494525909423828,0.3870069980621338,0.4606001377105713
main,tfim_N10_g1.25,baseline,Jastrow SGD,energy,5,-14.610954380484205,6.590293759848935e-05,-14.611002927262257,-14.61090211368359,-14.61101753159365,-14.610856809011565
main,tfim_N10_g1.25,baseline,Jastrow SGD,rel_energy_error,5,0.0001858033698531637,4.509677527157671e-06,0.00018248135839225664,0.00018937993904302858,0.0001814819974013632,0.00019248009616442614
main,tfim_N10_g1.25,baseline,Jastrow SGD,mz_error,5,0.007294688750734657,0.0027380841366731,0.005261453259619864,0.00932792424184945,0.004401595098137867,0.010904914172398528
main,tfim_N10_g1.25,baseline,Jastrow SGD,mx_error,5,0.0026862956091689093,0.0019174311346487052,0.0012443445867749813,0.004128246631562837,0.0005836417518901849,0.005285596677764071
main,tfim_N10_g1.25,baseline,Jastrow SGD,infidelity,5,0.0004721569983251239,8.794470383119242e-05,0.0004083095318780705,0.0005444112499808585,0.0003936630108101191,0.0006017167751660724
main,tfim_N10_g1.25,baseline,Jastrow SGD,mc_energy_error,5,0.00013014794215777446,0.00012970404041156363,2.70430179249841e-05,0.00023199645388676866,-2.7287041653869852e-05,0.0003206710116159269
main,tfim_N10_g1.25,baseline,Jastrow SGD,n_params,5,55.0,0.0,55.0,55.0,55.0,55.0
main,tfim_N10_g1.25,baseline,Jastrow SGD,runtime_s,5,0.3928412437438965,0.014116955171216743,0.38277015686035154,0.40520076751708983,0.3805360794067383,0.41441893577575684
main,tfim_N10_g1.25,baseline,Jastrow SR,energy,5,-14.610833085285927,8.795331610841018e-05,-14.610896802334002,-14.610763354191263,-14.610926964199143,-14.610696430958889
main,tfim_N10_g1.25,baseline,Jastrow SR,rel_energy_error,5,0.00019410348893171412,6.01856468760595e-06,0.00018974338981906803,0.00019887512373252466,0.00018767944107420673,0.00020345461909454824
main,tfim_N10_g1.25,baseline,Jastrow SR,mz_error,5,0.009917833982293367,0.0009940224626387405,0.009188068985423969,0.010722686858003982,0.008815869978765267,0.011360341019415299
main,tfim_N10_g1.25,baseline,Jastrow SR,mx_error,5,0.004972829258722023,0.0009195789748460508,0.004332840181806752,0.005765101592632149,0.004001913150655789,0.006417964591384884
main,tfim_N10_g1.25,baseline,Jastrow SR,infidelity,5,0.000542952454735568,5.139213716950112e-05,0.0005050371616388772,0.0005842873707116337,0.0004932170845594053,0.000619141440061588
main,tfim_N10_g1.25,baseline,Jastrow SR,mc_energy_error,5,0.0002058365430127565,0.00011549455320290116,0.00013820504228739236,0.00031008341994507877,0.00013095039012020406,0.0004068662375323245
main,tfim_N10_g1.25,baseline,Jastrow SR,n_params,5,55.0,0.0,55.0,55.0,55.0,55.0
main,tfim_N10_g1.25,baseline,Jastrow SR,runtime_s,5,0.6011827945709228,0.4490423764161565,0.3920003414154053,1.005604362487793,0.38141584396362305,1.4040892124176025
main,tfim_N10_g1.50,baseline,Jastrow SGD,energy,5,-16.722490955331445,1.104008101298769e-05,-16.722498605090443,-16.722481788380144,-16.722504242100282,-16.722474132041214
main,tfim_N10_g1.50,baseline,Jastrow SGD,rel_energy_error,5,3.192954741946145e-05,6.601724914704995e-07,3.147210870584694e-05,3.2477710886237464e-05,3.1135027952111565e-05,3.2935543065354285e-05
main,tfim_N10_g1.50,baseline,Jastrow SGD,mz_error,5,0.0014547164587555117,0.0007493467450254432,0.0009377293515058116,0.002058322397553147,0.0008075219262966282,0.0026392399152161405
main,tfim_N10_g1.50,baseline,Jastrow SGD,mx_error,5,0.00039366161721865467,0.00036506316146649143,0.00014840412671386362,0.0007175703358580198,3.911364275033247e-05,0.0010098067313996095
main,tfim_N10_g1.50,baseline,Jastrow SGD,infidelity,5,6.183365341383418e-05,5.705100104087462e-06,5.7589424588400104e-05,6.619457575398612e-05,5.682639503501452e-05,6.843225856634216e-05
main,tfim_N10_g1.50,baseline,Jastrow SGD,mc_energy_error,5,6.875841876089481e-06,2.5241890638166294e-05,-1.3186343620136438e-05,2.69380273723154e-05,-2.0473541259679775e-05,3.204865464940491e-05
main,tfim_N10_g1.50,baseline,Jastrow SGD,n_params,5,55.0,0.0,55.0,55.0,55.0,55.0
main,tfim_N10_g1.50,baseline,Jastrow SGD,runtime_s,5,0.3735359191894531,0.016286740054414817,0.36127724647521975,0.38653130531311036,0.3602008819580078,0.3952600955963135
main,tfim_N10_g1.50,baseline,Jastrow SR,energy,5,-16.72248465528605,1.0076844113738485e-05,-16.722491582455113,-16.72247658199721,-16.722493800292725,-16.722468646919737
main,tfim_N10_g1.50,baseline,Jastrow SR,rel_energy_error,5,3.2306276236136814e-05,6.025730499163083e-07,3.189204680641203e-05,3.2789041100107097e-05,3.1759425010119985e-05,3.3263541229026037e-05
main,tfim_N10_g1.50,baseline,Jastrow SR,mz_error,5,0.002190404112426414,0.0004332373257608166,0.0018524706299465564,0.0025055036716939982,0.0015272957426510914,0.0026297057271684743
main,tfim_N10_g1.50,baseline,Jastrow SR,mx_error,5,0.0007774244284247667,0.00029652123495269917,0.0005179977404178526,0.0009667713634508024,0.000280919532559043,0.0010149497188720602
main,tfim_N10_g1.50,baseline,Jastrow SR,infidelity,5,6.43409698316333e-05,4.695772301522273e-06,6.047169653617956e-05,6.76362068527947e-05,5.703446346405627e-05,6.891461931779475e-05
main,tfim_N10_g1.50,baseline,Jastrow SR,mc_energy_error,5,2.9616182687845756e-05,3.5219005805437914e-05,4.132717192398733e-06,5.94556809226604e-05,-2.2828953683495327e-06,8.358154501423556e-05
main,tfim_N10_g1.50,baseline,Jastrow SR,n_params,5,55.0,0.0,55.0,55.0,55.0,55.0
main,tfim_N10_g1.50,baseline,Jastrow SR,runtime_s,5,0.3865818023681641,0.01558505449236924,0.3745401859283447,0.3986234188079834,0.3693068027496338,0.4056360721588135
main,tfim_N10_g2.00,baseline,Jastrow SGD,energy,5,-21.27115521814732,1.4191974701072511e-06,-21.27115621081719,-21.27115396543223,-21.271156334989122,-21.271153018856563
main,tfim_N10_g2.00,baseline,Jastrow SGD,rel_energy_error,5,2.5198637775474725e-06,6.671917294407122e-08,2.4731964785637153e-06,2.5787562973466876e-06,2.4673589192846188e-06,2.623256620128406e-06
main,tfim_N10_g2.00,baseline,Jastrow SGD,mz_error,5,0.00018856572119916316,0.00020600513329351543,7.150858289625139e-05,0.00037365898976375876,5.466247813257219e-05,0.0005494694774700326
main,tfim_N10_g2.00,baseline,Jastrow SGD,mx_error,5,6.415789560132446e-05,7.223182772389426e-05,1.6579630193302997e-05,0.0001264165554311969,2.0905001002491375e-06,0.00018515204216340564
main,tfim_N10_g2.00,baseline,Jastrow SGD,infidelity,5,4.175749485990643e-06,4.3563694892559715e-07,3.8869129665553e-06,4.561192447782858e-06,3.849483310780499e-06,4.87551697825328e-06
main,tfim_N10_g2.00,baseline,Jastrow SGD,mc_energy_error,5,-2.3277391166546888e-05,1.6540380541395186e-05,-3.628148024635996e-05,-1.0652617513002945e-05,-4.460318506205892e-05,-3.608685937962609e-06
main,tfim_N10_g2.00,baseline,Jastrow SGD,n_params,5,55.0,0.0,55.0,55.0,55.0,55.0
main,tfim_N10_g2.00,baseline,Jastrow SGD,runtime_s,5,0.4138633728027344,0.0650709358027658,0.38222036361694334,0.4726052761077881,0.3780648708343506,0.5299811363220215
main,tfim_N10_g2.00,baseline,Jastrow SR,energy,5,-21.271153891066394,2.515209680786406e-06,-21.271155844376658,-21.271151876669116,-21.271157151178336,-21.271150538332428
main,tfim_N10_g2.00,baseline,Jastrow SR,rel_energy_error,5,2.582252378005245e-06,1.1824479298197278e-07,2.4904235454436315e-06,2.676953026819046e-06,2.4289883121796996e-06,2.7398707811387245e-06
main,tfim_N10_g2.00,baseline,Jastrow SR,mz_error,5,0.0002186202806154003,0.00012575206583936721,0.00012118370527692823,0.00031605685595387234,8.235862403538352e-05,0.00036559891966614355
main,tfim_N10_g2.00,baseline,Jastrow SR,mx_error,5,8.750409275426474e-05,4.822904400705638e-05,4.575949983613992e-05,0.00012448757876819537,1.2484238456456076e-05,0.0001470047151150844
main,tfim_N10_g2.00,baseline,Jastrow SR,infidelity,5,4.21028638910581e-06,3.6741823457261867e-07,3.936143744542875e-06,4.518391844254843e-06,3.844523932983179e-06,4.72623384528692e-06
main,tfim_N10_g2.00,baseline,Jastrow SR,mc_energy_error,5,-2.0221451898920975e-05,1.5063184773174515e-05,-3.369828562204259e-05,-9.633811617667046e-06,-4.286904993280785e-05,-6.307915795080545e-06
main,tfim_N10_g2.00,baseline,Jastrow SR,n_params,5,55.0,0.0,55.0,55.0,55.0,55.0
main,tfim_N10_g2.00,baseline,Jastrow SR,runtime_s,5,0.4251605987548828,0.05367670838770288,0.39865312576293943,0.4736480236053467,0.39651918411254883,0.5208947658538818
main,tfim_N8_g0.50,baseline,Jastrow SGD,energy,5,-8.48799019519676,0.0007721216648913631,-8.488563463771403,-8.487346597891483,-8.488883546208582,-8.486920423659608
main,tfim_N8_g0.50,baseline,Jastrow SGD,rel_energy_error,5,0.002478767904770704,9.074088645005236e-05,0.0024113965292449227,0.0025544044173221154,0.002373779965162102,0.002604489046909098
main,tfim_N8_g0.50,baseline,Jastrow SGD,mz_error,5,0.0023162755001097323,0.0019798135848225307,0.0008436636989663127,0.003865987552483419,0.000355960868282712,0.005167611510871861
main,tfim_N8_g0.50,baseline,Jastrow SGD,mx_error,5,0.00998169353938721,0.007813064816913698,0.00418341353273829,0.016150387124619647,0.00032228463912881145,0.020194637579070224
main,tfim_N8_g0.50,baseline,Jastrow SGD,infidelity,5,0.015368938587371206,0.021942779006449604,0.004826094040786488,0.03518422863750457,0.003976286013214203,0.05457677117301296
main,tfim_N8_g0.50,baseline,Jastrow SGD,mc_energy_error,5,0.0025238254341436836,0.0007136580594404807,0.001998963544469557,0.0030917905802998512,0.0016572446719474293,0.003503051504194504
main,tfim_N8_g0.50,baseline,Jastrow SGD,n_params,5,36.0,0.0,36.0,36.0,36.0,36.0
main,tfim_N8_g0.50,baseline,Jastrow SGD,runtime_s,5,0.32050037384033203,0.010752795059132727,0.3126225471496582,0.3296515464782715,0.3111228942871094,0.33614587783813477
main,tfim_N8_g0.50,baseline,Jastrow SR,energy,5,-8.48073611706231,0.0012729224315004453,-8.481680775602934,-8.479690988942385,-8.4819726680022,-8.478860748196471
main,tfim_N8_g0.50,baseline,Jastrow SR,rel_energy_error,5,0.0033312779562647056,0.0001495957373926542,0.003220260279561225,0.003454102967357832,0.003185956650662776,0.0035516740946515113
main,tfim_N8_g0.50,baseline,Jastrow SR,mz_error,5,0.011943421226522722,0.0012584082783049706,0.011018759239010523,0.012993999368124265,0.010678784491655935,0.013815418154405457
main,tfim_N8_g0.50,baseline,Jastrow SR,mx_error,5,0.02062548052086227,0.003294176078364255,0.018274687628646015,0.02348927333622296,0.017952092313396673,0.02549194843825986
main,tfim_N8_g0.50,baseline,Jastrow SR,infidelity,5,0.0067396156145150595,0.0004751685389163796,0.0063904010172277205,0.007088830211802399,0.006183816389837671,0.007362401381437289
main,tfim_N8_g0.50,baseline,Jastrow SR,mc_energy_error,5,0.0031068281866498365,0.0007284604690273944,0.002568931352777319,0.0037172411330160886,0.0022525612572009165,0.004196992297551606
main,tfim_N8_g0.50,baseline,Jastrow SR,n_params,5,36.0,0.0,36.0,36.0,36.0,36.0
main,tfim_N8_g0.50,baseline,Jastrow SR,runtime_s,5,0.343127965927124,0.025624158084868023,0.32546706199645997,0.3655600070953369,0.32352185249328613,0.38410377502441406
main,tfim_N8_g1.00,baseline,Jastrow SGD,energy,5,-10.240100538948786,7.417945317756238e-05,-10.24015715761146,-10.24004392028611,-10.240184830880576,-10.240001583804185
main,tfim_N8_g1.00,baseline,Jastrow SGD,rel_energy_error,5,0.001127744189476775,7.235846703378184e-06,0.0011222213129103349,0.001133267066043215,0.00111952191941898,0.0011373967849891214
main,tfim_N8_g1.00,baseline,Jastrow SGD,mz_error,5,0.016155584957255508,0.0035660901749056065,0.013134636203854555,0.019163711736791256,0.011114117913805899,0.0211992598591092
main,tfim_N8_g1.00,baseline,Jastrow SGD,mx_error,5,0.0075007253828636156,0.0034950565181509773,0.004660329600823321,0.010482556212455574,0.002773329827286175,0.012633636480153698
main,tfim_N8_g1.00,baseline,Jastrow SGD,infidelity,5,0.0024131242413261813,0.0002469007807729056,0.0022428072370766607,0.0026367488663081363,0.002155649229663381,0.0028240839035967857
main,tfim_N8_g1.00,baseline,Jastrow SGD,mc_energy_error,5,0.0011743779516828997,0.0004944450849944587,0.0007854310197140856,0.0015633248836517144,0.0005922410189610209,0.001709926363885634
main,tfim_N8_g1.00,baseline,Jastrow SGD,n_params,5,36.0,0.0,36.0,36.0,36.0,36.0
main,tfim_N8_g1.00,baseline,Jastrow SGD,runtime_s,5,0.3362596035003662,0.004016737862524491,0.3331121921539307,0.3393070220947266,0.33072805404663086,0.3406801223754883
main,tfim_N8_g1.00,baseline,Jastrow SR,energy,5,-10.239105808455566,0.00025106343140747375,-10.239307846950434,-10.238916691379094,-10.239465907132818,-10.23886101323684
main,tfim_N8_g1.00,baseline,Jastrow SR,rel_energy_error,5,0.0012247753355965542,2.4490022840044076e-05,0.001205067458084872,0.0012432227912706172,0.0011896494521448518,0.0012486539246219198
main,tfim_N8_g1.00,baseline,Jastrow SR,mz_error,5,0.025599607850674923,0.001091765343418133,0.02473786594676113,0.026461349754588713,0.024588654008020017,0.026785522082330093
main,tfim_N8_g1.00,baseline,Jastrow SR,mx_error,5,0.01914178889512528,0.0012570307198054638,0.018120012295793166,0.02002820977280293,0.017255577924086163,0.020348315930418637
main,tfim_N8_g1.00,baseline,Jastrow SR,infidelity,5,0.003178256634367571,0.0001253427531729812,0.003083505074170478,0.003273008194564664,0.0030556217956034804,0.003319314057380174
main,tfim_N8_g1.00,baseline,Jastrow SR,mc_energy_error,5,0.0011551144914898974,0.0005769893431932986,0.0006423474957508383,0.0015728577850120187,0.0002352181052156808,0.0017957465468067773
main,tfim_N8_g1.00,baseline,Jastrow SR,n_params,5,36.0,0.0,36.0,36.0,36.0,36.0
main,tfim_N8_g1.00,baseline,Jastrow SR,runtime_s,5,0.3488471984863281,0.005268569039113855,0.34471836090087893,0.3530738830566406,0.3418731689453125,0.35609912872314453
main,tfim_N8_g1.50,baseline,Jastrow SGD,energy,5,-13.384504946537863,1.8115887977847335e-05,-13.384517597980699,-13.384489113028925,-13.384523975928023,-13.384476175860918
main,tfim_N8_g1.50,baseline,Jastrow SGD,rel_energy_error,5,3.737664679078267e-05,1.3534464620313316e-06,3.6431451580716144e-05,3.855957564716537e-05,3.595495215405626e-05,3.9526117518936606e-05
main,tfim_N8_g1.50,baseline,Jastrow SGD,mz_error,5,0.0018087967380404635,0.0011298149270084364,0.0009727435693518971,0.002712567383750941,0.00032393331977059736,0.0032231814479011245
main,tfim_N8_g1.50,baseline,Jastrow SGD,mx_error,5,0.0005969053283375825,0.0004386629250560989,0.0002775996838755734,0.0009737744303657481,0.0002034491455605858,0.0012249752276789483
main,tfim_N8_g1.50,baseline,Jastrow SGD,infidelity,5,5.72317924667054e-05,9.422025668282769e-06,5.076597683941753e-05,6.541912627391344e-05,4.8901017794422685e-05,7.243969254999705e-05
main,tfim_N8_g1.50,baseline,Jastrow SGD,mc_energy_error,5,5.210660339083792e-05,6.645393184352079e-05,-2.2675812768073367e-06,0.00010572185349005581,-4.1809210331305926e-05,0.00014453513330839936
main,tfim_N8_g1.50,baseline,Jastrow SGD,n_params,5,36.0,0.0,36.0,36.0,36.0,36.0
main,tfim_N8_g1.50,baseline,Jastrow SGD,runtime_s,5,0.3250726222991943,0.019600747754352898,0.30953316688537597,0.3406120777130127,0.30409693717956543,0.34681129455566406
main,tfim_N8_g1.50,baseline,Jastrow SR,energy,5,-13.384505310816687,1.412401826658876e-05,-13.384515837612222,-13.384494437927469,-13.384523042107661,-13.38448528916206
main,tfim_N8_g1.50,baseline,Jastrow SR,rel_energy_error,5,3.734943134968555e-05,1.0552120098147706e-06,3.656296953191448e-05,3.816174998833569e-05,3.6024718308471324e-05,3.8845258530082526e-05
main,tfim_N8_g1.50,baseline,Jastrow SR,mz_error,5,0.002262146443737212,0.0002733332314968318,0.0020471294616227985,0.002477163425851625,0.0019225394151528574,0.0025352721584499527
main,tfim_N8_g1.50,baseline,Jastrow SR,mx_error,5,0.0008370436630852796,0.00023252758198055924,0.0006413509352991787,0.001010292284995895,0.0005123948258232147,0.0011347666497890652
main,tfim_N8_g1.50,baseline,Jastrow SR,infidelity,5,5.697534501165613e-05,3.986412754160948e-06,5.385479660084958e-05,5.996761087634361e-05,5.2227365334056586e-05,6.1352632819478e-05
main,tfim_N8_g1.50,baseline,Jastrow SR,mc_energy_error,5,2.798773671564219e-05,6.909499947882118e-05,-2.7350619991513797e-05,7.797521881034316e-05,-8.005792349592991e-05,0.00010252316864279879
main,tfim_N8_g1.50,baseline,Jastrow SR,n_params,5,36.0,0.0,36.0,36.0,36.0,36.0
main,tfim_N8_g1.50,baseline,Jastrow SR,runtime_s,5,0.336121654510498,0.02038637619472359,0.32003488540649416,0.35220842361450194,0.3159170150756836,0.3611478805541992
main,tfim_N12_g0.50,baseline,Jastrow SGD,energy,5,-12.7417976976025,0.005178312937852189,-12.745856287638315,-12.73789234808086,-12.747950331551797,-12.736427303594034
main,tfim_N12_g0.50,baseline,Jastrow SGD,rel_energy_error,5,0.0016275291577852614,0.0004057422041421023,0.001309521867263356,0.0019335294211668401,0.0011454448786336847,0.0020483217070693957
main,tfim_N12_g0.50,baseline,Jastrow SGD,mz_error,5,0.0026493935406121994,0.0017086766747027237,0.0013998507074013844,0.003981456535406669,0.0008963554302970911,0.005135664350106817
main,tfim_N12_g0.50,baseline,Jastrow SGD,mx_error,5,0.013518476067700286,0.009902419946160677,0.0061539451415835835,0.021396420196784272,0.00038726189569554537,0.027349984076939837
main,tfim_N12_g0.50,baseline,Jastrow SGD,infidelity,5,0.19278614465504856,0.23948425997063957,0.01626959170294795,0.3703887331702936,0.00814426823129677,0.462987381298243
main,tfim_N12_g0.50,baseline,Jastrow SGD,mc_energy_error,5,0.0015236513127440958,0.00047192033495720246,0.0011373109361144103,0.0018711470426943564,0.0008158040452495791,0.0019420024574481594
main,tfim_N12_g0.50,baseline,Jastrow SGD,n_params,5,78.0,0.0,78.0,78.0,78.0,78.0
main,tfim_N12_g0.50,baseline,Jastrow SGD,runtime_s,5,0.4017168045043945,0.006018382864551876,0.3973528385162354,0.40654730796813965,0.3941490650177002,0.41047191619873047
main,tfim_N12_g0.50,baseline,Jastrow SR,energy,5,-12.726893855515012,0.0015341453735259354,-12.72806278699051,-12.725801988161908,-12.729146455115888,-12.72511484460071
main,tfim_N12_g0.50,baseline,Jastrow SR,rel_energy_error,5,0.0027953067354129267,0.00012020662574864114,0.002703716126839608,0.002880859051736046,0.002618806253869477,0.002934699587529297
main,tfim_N12_g0.50,baseline,Jastrow SR,mz_error,5,0.010321577027347196,0.001088087027209749,0.009509242836416187,0.011133911218278203,0.009183073798259223,0.011743435639923305
main,tfim_N12_g0.50,baseline,Jastrow SR,mx_error,5,0.020128906480147712,0.0029270288699467808,0.017923318149474822,0.022334494810820605,0.017063469062268466,0.023628652949206352
main,tfim_N12_g0.50,baseline,Jastrow SR,infidelity,5,0.007687175217588815,0.00042332922071561767,0.007371639842407229,0.007996922280985985,0.007168631035884054,0.008293803623724338
main,tfim_N12_g0.50,baseline,Jastrow SR,mc_energy_error,5,0.0029971982361593438,0.0008194472364306578,0.0023881135943482146,0.0036714292067216623,0.002108118959309815,0.004163809653542827
main,tfim_N12_g0.50,baseline,Jastrow SR,n_params,5,78.0,0.0,78.0,78.0,78.0,78.0
main,tfim_N12_g0.50,baseline,Jastrow SR,runtime_s,5,0.422969913482666,0.004445457899258955,0.4201489448547363,0.42687087059020995,0.4195289611816406,0.43048882484436035
main,tfim_N12_g1.00,baseline,Jastrow SGD,energy,5,-15.300942320412469,0.00019439725165054856,-15.301083816991584,-15.300771254004749,-15.301171616940266,-15.300634273748727
main,tfim_N12_g1.00,baseline,Jastrow SGD,rel_energy_error,5,0.0014131307689600908,1.2686966518137875e-05,0.0014038962641179605,0.0014242950923685812,0.0013981661676289872,0.001433234847982796
main,tfim_N12_g1.00,baseline,Jastrow SGD,mz_error,5,0.027695368787564935,0.005246296835604555,0.023629402076993287,0.031761335498136575,0.02206326225115285,0.03456931852036571
main,tfim_N12_g1.00,baseline,Jastrow SGD,mx_error,5,0.011318084903059434,0.003965582205970752,0.008265058097944733,0.014371111708174133,0.007843705616861874,0.015883277482129587
main,tfim_N12_g1.00,baseline,Jastrow SGD,infidelity,5,0.006154691450921246,0.0008440397446569085,0.005493856777804673,0.006790444496613368,0.0051674205896118375,0.007120645337649001
main,tfim_N12_g1.00,baseline,Jastrow SGD,mc_energy_error,5,0.0010548971030276042,0.0003460145097612905,0.0007734576092848689,0.001317151487473247,0.0005780711756568362,0.001386331858737205
main,tfim_N12_g1.00,baseline,Jastrow SGD,n_params,5,78.0,0.0,78.0,78.0,78.0,78.0
main,tfim_N12_g1.00,baseline,Jastrow SGD,runtime_s,5,0.6330483436584473,0.499517454573471,0.4091189384460449,1.0799517154693603,0.40823888778686523,1.5266108512878418
main,tfim_N12_g1.00,baseline,Jastrow SR,energy,5,-15.296578168308207,0.0010641716265443807,-15.29730718694276,-15.295726918575493,-15.297579695295163,-15.294880288466413
main,tfim_N12_g1.00,baseline,Jastrow SR,rel_energy_error,5,0.0016979488471786865,6.945113514063635e-05,0.0016503708339663033,0.0017535040402984511,0.0016325860951727094,0.0018087577424773667
main,tfim_N12_g1.00,baseline,Jastrow SR,mz_error,5,0.05296445616323309,0.0018699655587417073,0.05176312923918922,0.054616966470693515,0.05136511216861095,0.056121507554451444
main,tfim_N12_g1.00,baseline,Jastrow SR,mx_error,5,0.034409656710434035,0.0017712135284564648,0.03313214350708622,0.0358385526274736,0.032514037184847244,0.03717011185377228
main,tfim_N12_g1.00,baseline,Jastrow SR,infidelity,5,0.010910080637275676,0.0005800379739756211,0.010570894567636602,0.011426441746793924,0.010492754440008079,0.011918666405270284
main,tfim_N12_g1.00,baseline,Jastrow SR,mc_energy_error,5,0.0016182895503568482,0.0002251624632949495,0.0014565706341854677,0.0017957665438030946,0.0013941403974023225,0.0019594669134317005
main,tfim_N12_g1.00,baseline,Jastrow SR,n_params,5,78.0,0.0,78.0,78.0,78.0,78.0
main,tfim_N12_g1.00,baseline,Jastrow SR,runtime_s,5,0.46805377006530763,0.04715428413795519,0.43355512619018555,0.5072870254516602,0.4288060665130615,0.5318400859832764
main,tfim_N12_g1.50,baseline,Jastrow SGD,energy,5,-20.064023920716515,8.898679844031072e-06,-20.064030630411725,-20.06401681976952,-20.064034637389064,-20.06401138945839
main,tfim_N12_g1.50,baseline,Jastrow SGD,rel_energy_error,5,2.9941468532827668e-05,4.435009368485695e-07,2.960706430945964e-05,3.0295372337044576e-05,2.940736073303377e-05,3.0566013387518116e-05
main,tfim_N12_g1.50,baseline,Jastrow SGD,mz_error,5,0.0006740634101043197,0.0004924999629104711,0.0003355754472766703,0.0010689872835271785,0.0001762538328810015,0.001453199262993199
main,tfim_N12_g1.50,baseline,Jastrow SGD,mx_error,5,0.00021655533649473925,0.00018274786145708904,9.416442203800113e-05,0.0003742224342038192,7.350202677425255e-05,0.0005175208270689069
main,tfim_N12_g1.50,baseline,Jastrow SGD,infidelity,5,6.677000125583365e-05,4.989503282956466e-06,6.30082902936202e-05,7.093679817669064e-05,6.009116296024075e-05,7.390331379653059e-05
main,tfim_N12_g1.50,baseline,Jastrow SGD,mc_energy_error,5,-2.5591740008256413e-05,3.813527575207395e-05,-5.509343395414014e-05,3.909953937627311e-06,-7.54537615089313e-05,1.5905963214356773e-05
main,tfim_N12_g1.50,baseline,Jastrow SGD,n_params,5,78.0,0.0,78.0,78.0,78.0,78.0
main,tfim_N12_g1.50,baseline,Jastrow SGD,runtime_s,5,0.46321825981140136,0.009816594632573183,0.4557765007019043,0.4706600189208984,0.45012521743774414,0.47409915924072266
main,tfim_N12_g1.50,baseline,Jastrow SR,energy,5,-20.064014656988007,7.389884807616197e-06,-20.064020111789425,-20.06400927799299,-20.064022482506807,-20.064003990611795
main,tfim_N12_g1.50,baseline,Jastrow SR,rel_energy_error,5,3.0403163115545248e-05,3.683041637786555e-07,3.013130149253934e-05,3.067124662582113e-05,3.0013147407018323e-05,3.093476419914423e-05
main,tfim_N12_g1.50,baseline,Jastrow SR,mz_error,5,0.0019548791811996313,0.00012753815398363334,0.001858058501801174,0.002061396290245654,0.0017946149184166482,0.002149236456682968
main,tfim_N12_g1.50,baseline,Jastrow SR,mx_error,5,0.0007991356309291709,0.00020079565496229502,0.0006265559687301803,0.0009430482367605242,0.0005198965623866014,0.0010531935941044956
main,tfim_N12_g1.50,baseline,Jastrow SR,infidelity,5,7.14568529147197e-05,1.2095111727869932e-06,7.057512633987795e-05,7.24279514271009e-05,7.01529744302487e-05,7.324369546102272e-05
main,tfim_N12_g1.50,baseline,Jastrow SR,mc_energy_error,5,6.98791022677452e-06,4.3703899768525154e-05,-2.921649530938699e-05,3.913967229164111e-05,-5.777678184704644e-05,5.1597817085824884e-05
main,tfim_N12_g1.50,baseline,Jastrow SR,n_params,5,78.0,0.0,78.0,78.0,78.0,78.0
main,tfim_N12_g1.50,baseline,Jastrow SR,runtime_s,5,0.5002549171447754,0.010708626761103308,0.4912699222564697,0.5078694820404053,0.48419690132141113,0.5127098560333252
