group,task,kind,name,metric,n,mean,std,ci_lo,ci_hi,min,max
main_b,tfim_N10_g0.25,baseline,Mean-field SGD,energy,5,-10.156233210161757,7.344924889169527e-06,-10.156238606065546,-10.1562273788728,-10.156242527096675,-10.15622252662682
main_b,tfim_N10_g0.25,baseline,Mean-field SGD,rel_energy_error,5,6.272507027555056e-05,7.231484375110701e-07,6.21938137347349e-05,6.329919289268955e-05,6.180776655578899e-05,6.377692331902092e-05
main_b,tfim_N10_g0.25,baseline,Mean-field SGD,mz_error,5,7.524028134147099e-05,2.7746733232054227e-05,5.395494634179432e-05,9.75713070512807e-05,4.066233906008243e-05,0.00011504628452174703
main_b,tfim_N10_g0.25,baseline,Mean-field SGD,mx_error,5,0.00016667046622859116,0.00014617483038064575,6.191873121811354e-05,0.0002827802998798867,1.8987154317723354e-05,0.0003950379438118212
main_b,tfim_N10_g0.25,baseline,Mean-field SGD,infidelity,5,0.5000811615646656,6.086324642672969e-07,0.5000808211723632,0.5000817120406625,0.500080793822939,0.500082232260584
main_b,tfim_N10_g0.25,baseline,Mean-field SGD,mc_energy_error,5,5.4769616275558434e-05,6.756260078917416e-05,-1.0148641451194567e-06,0.000104059970507913,-4.625521968622141e-05,0.00011387933256085987
main_b,tfim_N10_g0.25,baseline,Mean-field SGD,n_params,5,10.0,0.0,10.0,10.0,10.0,10.0
main_b,tfim_N10_g0.25,baseline,Mean-field SGD,runtime_s,5,0.27904644012451174,0.007281605471698231,0.27376208305358884,0.2855194091796875,0.27086377143859863,0.2908601760864258
main_b,tfim_N10_g0.25,baseline,Mean-field SR,energy,5,-10.15613289165715,0.00024123849128942113,-10.156240866486403,-10.155917097793346,-10.156240989059427,-10.155701351183636
main_b,tfim_N10_g0.25,baseline,Mean-field SR,rel_energy_error,5,7.260198133621473e-05,2.3751262362794135e-05,6.19712628113418e-05,9.384807953609062e-05,6.195919481942331e-05,0.00011508952530901116
main_b,tfim_N10_g0.25,baseline,Mean-field SR,mz_error,5,0.0002622178596427105,0.0001119068134996387,0.00016219823302598968,0.0003128029648903352,6.203865478782156e-05,0.00031289430601766366
main_b,tfim_N10_g0.25,baseline,Mean-field SR,mx_error,5,0.0017276593368913157,0.0005220857909153763,0.001261290611230681,0.00196544445765294,0.0007938032442632859,0.0019661751566557306
main_b,tfim_N10_g0.25,baseline,Mean-field SR,infidelity,5,0.5000970526989553,2.7062391875380256e-05,0.5000849135113357,0.5001212670932584,0.5000848700731741,0.5001454632973992
main_b,tfim_N10_g0.25,baseline,Mean-field SR,mc_energy_error,5,7.797025585173814e-05,4.956585866984811e-05,3.7398212062171205e-05,0.00011341864505119581,1.067157364803799e-06,0.00012069956412837977
main_b,tfim_N10_g0.25,baseline,Mean-field SR,n_params,5,10.0,0.0,10.0,10.0,10.0,10.0
main_b,tfim_N10_g0.25,baseline,Mean-field SR,runtime_s,5,0.2845263957977295,0.0050150948048649155,0.28075337409973145,0.2886175632476807,0.2788059711456299,0.2919158935546875
main_b,tfim_N10_g0.25,baseline,Jastrow SGD,energy,5,-10.155895825773717,3.893178735933924e-05,-10.155927493747035,-10.155866373359366,-10.155947261664194,-10.15585700203016
main_b,tfim_N10_g0.25,baseline,Jastrow SGD,rel_energy_error,5,9.59424274005026e-05,3.833049572788427e-06,9.282454045449612e-05,9.884218032484757e-05,9.087827978814836e-05,9.97648394643601e-05
main_b,tfim_N10_g0.25,baseline,Jastrow SGD,mz_error,5,0.0001559724500097781,0.0001078323723107834,7.032298569278339e-05,0.00024138117143437387,8.795125689520233e-06,0.00030359403804025575
main_b,tfim_N10_g0.25,baseline,Jastrow SGD,mx_error,5,0.001231691243104152,0.0008555948114604951,0.0005572619640643178,0.0019121341113390784,7.362556049123059e-05,0.002410805764952728
main_b,tfim_N10_g0.25,baseline,Jastrow SGD,infidelity,5,0.5000534650121438,3.950794552073281e-06,0.500050836037528,0.5000568491199859,0.5000499323972737,0.5000600876575403
main_b,tfim_N10_g0.25,baseline,Jastrow SGD,mc_energy_error,5,4.959362082839734e-05,0.0001276201094493024,-4.3203751274655326e-05,0.00015615622930993412,-9.1459765618945e-05,0.00024080686868870407
main_b,tfim_N10_g0.25,baseline,Jastrow SGD,n_params,5,55.0,0.0,55.0,55.0,55.0,55.0
main_b,tfim_N10_g0.25,baseline,Jastrow SGD,runtime_s,5,0.3943809509277344,0.008696959585915027,0.3897580623626709,0.40211949348449705,0.3890261650085449,0.4098019599914551
main_b,tfim_N10_g0.25,baseline,Jastrow SR,energy,5,-10.156292341785585,5.2774884516228565e-05,-10.156333955961319,-10.156248874549515,-10.156367561311153,-10.156225758958149
main_b,tfim_N10_g0.25,baseline,Jastrow SR,rel_energy_error,5,5.6903235194491196e-05,5.195978973438808e-06,5.280608966661632e-05,6.118282475183798e-05,4.949745729850662e-05,6.345868244054272e-05
main_b,tfim_N10_g0.25,baseline,Jastrow SR,mz_error,5,0.000232985022388732,0.00017997705130697722,9.23208031134104e-05,0.00037364924166405356,4.5158060640648756e-05,0.0004577690950858804
main_b,tfim_N10_g0.25,baseline,Jastrow SR,mx_error,5,0.0012773055214891972,0.0009482859198519254,0.0005716869576012252,0.0020457996454123274,0.00011251646262241954,0.002558518234276219
main_b,tfim_N10_g0.25,baseline,Jastrow SR,infidelity,5,0.5000258514082553,7.570984211008295e-06,0.5000198343645709,0.5000318684519399,0.5000182817702543,0.500034546059063
main_b,tfim_N10_g0.25,baseline,Jastrow SR,mc_energy_error,5,7.067203479050143e-05,0.0001488663883705025,-4.318340829136919e-05,0.0001836535336343053,-0.00010114818853554811,0.0002880645766808039
main_b,tfim_N10_g0.25,baseline,Jastrow SR,n_params,5,55.0,0.0,55.0,55.0,55.0,55.0
main_b,tfim_N10_g0.25,baseline,Jastrow SR,runtime_s,5,0.4126142024993896,0.017956267589019928,0.39855165481567384,0.42840967178344724,0.38997817039489746,0.44031310081481934
main_b,tfim_N10_g0.25,baseline,RBM alpha=1 SGD,energy,5,-10.156284639217738,2.2562424219103447e-05,-10.15629984190147,-10.156265117926832,-10.15630361994161,-10.156247702692736
main_b,tfim_N10_g0.25,baseline,RBM alpha=1 SGD,rel_energy_error,5,5.7661595557753276e-05,2.2213953263458798e-06,5.6164807346252324e-05,5.958357450655667e-05,5.579283841977545e-05,6.129820052580159e-05
main_b,tfim_N10_g0.25,baseline,RBM alpha=1 SGD,mz_error,5,0.00021338978353466765,0.00012235654753455332,0.00011752467820449474,0.00030925488886484053,6.917145613938303e-05,0.00034348729189603855
main_b,tfim_N10_g0.25,baseline,RBM alpha=1 SGD,mx_error,5,0.0014253706183089548,0.0007698468652675493,0.0008414719076854149,0.0020092693289324947,0.0005787743101446086,0.0022934660205226887
main_b,tfim_N10_g0.25,baseline,RBM alpha=1 SGD,infidelity,5,0.5000682579164115,2.6493409984080213e-06,0.500065910674542,0.5000701115474646,0.5000641320162973,0.5000704331228005
main_b,tfim_N10_g0.25,baseline,RBM alpha=1 SGD,mc_energy_error,5,6.838012655555326e-05,0.0001295193412331304,-4.2616244309572735e-05,0.0001607364228692365,-0.00012916583283885462,0.00020027103515656401
main_b,tfim_N10_g0.25,baseline,RBM alpha=1 SGD,n_params,5,120.0,0.0,120.0,120.0,120.0,120.0
main_b,tfim_N10_g0.25,baseline,RBM alpha=1 SGD,runtime_s,5,0.6060083866119385,0.009294708822948574,0.5990462303161621,0.61350417137146,0.5975680351257324,0.6195430755615234
main_b,tfim_N10_g0.25,baseline,RBM alpha=1 SR,energy,5,-10.156031345565754,0.00039245135630464626,-10.156309138718647,-10.155701626172453,-10.156393116581583,-10.155416001578818
main_b,tfim_N10_g0.25,baseline,RBM alpha=1 SR,rel_energy_error,5,8.259975509748955e-05,3.863900440636488e-05,5.5249484328169996e-05,0.00011506245113870237,4.6981399726307816e-05,0.00014318377051928126
main_b,tfim_N10_g0.25,baseline,RBM alpha=1 SR,mz_error,5,0.00028691337577637646,0.0002693530839419092,7.789015189545445e-05,0.0004959365996572984,4.212892517840849e-06,0.0005984730745094424
main_b,tfim_N10_g0.25,baseline,RBM alpha=1 SR,mx_error,5,0.002085336812776359,0.002144124301142423,0.00043211810703334687,0.003738555518519371,0.0001985259932120731,0.004624182200154009
main_b,tfim_N10_g0.25,baseline,RBM alpha=1 SR,infidelity,5,0.5000964540376639,4.594921164072776e-05,0.5000633575201965,0.500136464794218,0.500053127406324,0.5001659935616678
main_b,tfim_N10_g0.25,baseline,RBM alpha=1 SR,mc_energy_error,5,9.763475502170295e-05,0.0001337207814882363,-1.994222715212983e-05,0.00017842883896383477,-0.00013233584142475227,0.0002116455076260307
main_b,tfim_N10_g0.25,baseline,RBM alpha=1 SR,n_params,5,120.0,0.0,120.0,120.0,120.0,120.0
main_b,tfim_N10_g0.25,baseline,RBM alpha=1 SR,runtime_s,5,0.6504194259643554,0.0243781695003343,0.6314795017242432,0.6693593502044678,0.6265170574188232,0.6822309494018555
main_b,tfim_N10_g0.25,baseline,RBM alpha=2 SGD,energy,5,-10.156255285181658,5.774253622269989e-06,-10.15625835300321,-10.156250079691953,-10.15625862062013,-10.15624504823421
main_b,tfim_N10_g0.25,baseline,RBM alpha=2 SGD,rel_energy_error,5,6.055166259756067e-05,5.68507172304998e-07,6.024961861559785e-05,6.106417182020289e-05,6.022327024993175e-05,6.155954663369532e-05
main_b,tfim_N10_g0.25,baseline,RBM alpha=2 SGD,mz_error,5,0.00021643420768311384,9.362371492061898e-05,0.00013489542352989047,0.00027280992301683684,5.496937685789405e-05,0.000284542613645411
main_b,tfim_N10_g0.25,baseline,RBM alpha=2 SGD,mx_error,5,0.0013232438630988498,0.0007405807956617342,0.0006793457315061341,0.0017704323905348707,4.721066147000963e-05,0.0018690846236924796
main_b,tfim_N10_g0.25,baseline,RBM alpha=2 SGD,infidelity,5,0.5000655530169029,2.1691691356659257e-06,0.5000637397385483,0.5000670686297057,0.5000621124617455,0.5000675279435197
main_b,tfim_N10_g0.25,baseline,RBM alpha=2 SGD,mc_energy_error,5,7.255877238758262e-05,4.031389678861082e-05,4.0872676594894685e-05,0.00010261586735058063,1.6467546365478105e-05,0.00011919930224381668
main_b,tfim_N10_g0.25,baseline,RBM alpha=2 SGD,n_params,5,230.0,0.0,230.0,230.0,230.0,230.0
main_b,tfim_N10_g0.25,baseline,RBM alpha=2 SGD,runtime_s,5,0.9428986072540283,0.026416084032964606,0.9214222431182861,0.9627179622650146,0.9080240726470947,0.9747159481048584
main_b,tfim_N10_g0.25,method,RBM alpha=2 SR,energy,5,-10.156006457258563,0.0007909116760387237,-10.15649986368922,-10.15531712363048,-10.156581794613887,-10.154658639559065
main_b,tfim_N10_g0.25,method,RBM alpha=2 SR,rel_energy_error,5,8.5050146453575e-05,7.786962446433928e-05,3.647155717793329e-05,0.00015291885085628505,2.840500495916795e-05,0.00021775024595393607
main_b,tfim_N10_g0.25,method,RBM alpha=2 SR,mz_error,5,0.00033061772111144807,0.0003326767361486177,0.0001057010198265429,0.000600074412872309,7.461494195837304e-07,0.0008536788475302926
main_b,tfim_N10_g0.25,method,RBM alpha=2 SR,mx_error,5,0.00262672929277834,0.002827544829620012,0.0007689310176101444,0.004943059332765507,0.00020014287802608277,0.007223649581491437
main_b,tfim_N10_g0.25,method,RBM alpha=2 SR,infidelity,5,0.5001042803735563,0.00010362549315234639,0.5000387929999854,0.5001939929512099,0.5000266842236987,0.5002798452589969
main_b,tfim_N10_g0.25,method,RBM alpha=2 SR,mc_energy_error,5,0.00018359128887230708,0.0003012256253431133,2.7421718758270838e-05,0.0004559230293162456,-1.0352733640662162e-05,0.0007176946829678506
main_b,tfim_N10_g0.25,method,RBM alpha=2 SR,n_params,5,230.0,0.0,230.0,230.0,230.0,230.0
main_b,tfim_N10_g0.25,method,RBM alpha=2 SR,runtime_s,5,1.0879568099975585,0.01994416777869543,1.0749073028564453,1.1043118953704834,1.0687592029571533,1.120666742324829
main_b,tfim_N10_g0.25,baseline,RBM alpha=4 SGD,energy,5,-10.156198172161158,1.915773040698704e-05,-10.156211789554836,-10.15618119335754,-10.156221481890402,-10.156169646157366
main_b,tfim_N10_g0.25,baseline,RBM alpha=4 SGD,rel_energy_error,5,6.617475502728086e-05,1.8861844089551078e-06,6.483404738104177e-05,6.784641205481436e-05,6.387978339231889e-05,6.898329771281531e-05
main_b,tfim_N10_g0.25,baseline,RBM alpha=4 SGD,mz_error,5,0.00011158437310136993,8.894147564279665e-05,4.5998869786800786e-05,0.00018515004030845718,3.0945137501792175e-05,0.00022863175829379578
main_b,tfim_N10_g0.25,baseline,RBM alpha=4 SGD,mx_error,5,0.0006739972081838769,0.0006154542572093864,0.00019390744922949122,0.0011540869671382626,9.01597527428466e-05,0.0014743032217003071
main_b,tfim_N10_g0.25,baseline,RBM alpha=4 SGD,infidelity,5,0.5000645422090735,1.896004975769393e-06,0.5000630031143671,0.5000659638160168,0.5000621354266934,0.5000671866156703
main_b,tfim_N10_g0.25,baseline,RBM alpha=4 SGD,mc_energy_error,5,6.157484097550796e-05,7.385839059115547e-05,6.814437476713426e-06,0.00012362849673904625,-1.1409390978437665e-05,0.00016924137753273388
main_b,tfim_N10_g0.25,baseline,RBM alpha=4 SGD,n_params,5,450.0,0.0,450.0,450.0,450.0,450.0
main_b,tfim_N10_g0.25,baseline,RBM alpha=4 SGD,runtime_s,5,1.5627128601074218,0.04339547665281052,1.527903938293457,1.596924638748169,1.503148078918457,1.62129807472229
main_b,tfim_N10_g0.25,baseline,RBM alpha=4 SR,energy,5,-10.156360666673914,0.00035527671644074204,-10.156532601169657,-10.15604140207308,-10.156550706325339,-10.155726454732287
main_b,tfim_N10_g0.25,baseline,RBM alpha=4 SR,rel_energy_error,5,5.017627242846478e-05,3.497895571404785e-05,3.3248371347121765e-05,8.160963638685445e-05,3.146581873536719e-05,0.00011261794223928915
main_b,tfim_N10_g0.25,baseline,RBM alpha=4 SR,mz_error,5,0.0001262579997555413,0.00018244128515734387,2.1922489646519773e-05,0.0002915407171336204,1.4956932499199382e-06,0.000445542783377495
main_b,tfim_N10_g0.25,baseline,RBM alpha=4 SR,mx_error,5,0.000996416461804195,0.0013061979436789438,0.0003388838704977637,0.0021708025137700425,0.0002558549712836089,0.0033224117409365594
main_b,tfim_N10_g0.25,baseline,RBM alpha=4 SR,infidelity,5,0.5000510618379097,4.309674829564272e-05,0.5000297435414789,0.5000896288710542,0.5000268241761989,0.5001278878043938
main_b,tfim_N10_g0.25,baseline,RBM alpha=4 SR,mc_energy_error,5,6.858907790418035e-06,9.711839678886416e-05,-7.028814320957785e-05,7.928919798853502e-05,-0.00013577841966878185,0.00011351714899473963
main_b,tfim_N10_g0.25,baseline,RBM alpha=4 SR,n_params,5,450.0,0.0,450.0,450.0,450.0,450.0
main_b,tfim_N10_g0.25,baseline,RBM alpha=4 SR,runtime_s,5,2.343202066421509,0.03731344171709181,2.3148075103759767,2.376331090927124,2.298811197280884,2.4024651050567627
main_b,tfim_N10_g0.50,baseline,Mean-field SGD,energy,5,-10.624857424068804,4.95349513584282e-05,-10.624897469440318,-10.624820363575566,-10.62492697500726,-10.62480155300962
main_b,tfim_N10_g0.50,baseline,Mean-field SGD,rel_energy_error,5,0.0010104724532367896,4.6574646297939166e-06,0.0010067072350162603,0.0010139570218430296,0.0010039330093300806,0.001015725662835957
main_b,tfim_N10_g0.50,baseline,Mean-field SGD,mz_error,5,0.0037585490111410992,0.00047425113313240963,0.003444652564774886,0.004176836840671672,0.0032921629588126278,0.004555922463339024
main_b,tfim_N10_g0.50,baseline,Mean-field SGD,mx_error,5,0.00916938192399942,0.0018396663846656962,0.00795371119760056,0.010795168565783058,0.007364274491679534,0.012265392280388171
main_b,tfim_N10_g0.50,baseline,Mean-field SGD,infidelity,5,0.5016886473041198,4.3981883879747806e-05,0.5016609957050848,0.5017277701941332,0.501648211759396,0.5017636565547781
main_b,tfim_N10_g0.50,baseline,Mean-field SGD,mc_energy_error,5,0.001014664544918431,0.0002904648345292099,0.0008196332045326115,0.0012566851812247626,0.0007330191615494074,0.001492472916080994
main_b,tfim_N10_g0.50,baseline,Mean-field SGD,n_params,5,10.0,0.0,10.0,10.0,10.0,10.0
main_b,tfim_N10_g0.50,baseline,Mean-field SGD,runtime_s,5,0.2675126075744629,0.00951759667579972,0.2601146221160889,0.27462239265441896,0.25670599937438965,0.2781400680541992
main_b,tfim_N10_g0.50,baseline,Jastrow SGD,energy,5,-10.632550821700871,0.00015413437738233165,-10.63266580821101,-10.63243583519073,-10.632720654511504,-10.632344287389
main_b,tfim_N10_g0.50,baseline,Jastrow SGD,rel_energy_error,5,0.00028710993090498425,1.449230071481667e-05,0.0002762984616443757,0.00029792140016559286,0.00027114160375659254,0.00030652907286662543
main_b,tfim_N10_g0.50,baseline,Jastrow SGD,mz_error,5,0.0013784519481548018,0.0009750490525920103,0.0006261816131338582,0.0021207200153988692,2.9025700508777952e-05,0.0026311407594002967
main_b,tfim_N10_g0.50,baseline,Jastrow SGD,mx_error,5,0.0035820637694894187,0.0024480300512472824,0.0018222882108458126,0.0056502662312602255,0.0008207937772509721,0.007370400460861182
main_b,tfim_N10_g0.50,baseline,Jastrow SGD,infidelity,5,0.5002156697477234,2.4613855778762927e-05,0.5001986555337139,0.5002365258190146,0.5001940958928907,0.5002547864375366
main_b,tfim_N10_g0.50,baseline,Jastrow SGD,mc_energy_error,5,0.0003147618164035354,0.00017468185095841548,0.00019471930231938498,0.00045298826557099297,0.00012577245194471477,0.0005882439639156279
main_b,tfim_N10_g0.50,baseline,Jastrow SGD,n_params,5,55.0,0.0,55.0,55.0,55.0,55.0
main_b,tfim_N10_g0.50,baseline,Jastrow SGD,runtime_s,5,0.3836068630218506,0.01573017374709458,0.3710942268371582,0.396119499206543,0.3659358024597168,0.3996117115020752
main_b,tfim_N10_g0.50,baseline,RBM alpha=1 SGD,energy,5,-10.62608311528235,4.0004911077419744e-05,-10.626112108144076,-10.626049869675999,-10.626134188100746,-10.626028473064538
main_b,tfim_N10_g0.50,baseline,RBM alpha=1 SGD,rel_energy_error,5,0.0008952283010115129,3.7614139763279453e-06,0.0008925022818213136,0.0008983541794352716,0.0008904262402701574,0.0009003659702687256
main_b,tfim_N10_g0.50,baseline,RBM alpha=1 SGD,mz_error,5,0.003083871854357012,0.00042674088094379425,0.002756895130603021,0.0034108485781110033,0.0026235297867820417,0.003504441456724572
main_b,tfim_N10_g0.50,baseline,RBM alpha=1 SGD,mx_error,5,0.006783790957108416,0.0016253686814502333,0.005541399589331064,0.008026182324885767,0.005021709030554933,0.008374845008010834
main_b,tfim_N10_g0.50,baseline,RBM alpha=1 SGD,infidelity,5,0.5013791018932261,3.972505045082905e-05,0.5013481465372297,0.5014095805125022,0.5013304610410705,0.5014241252280044
main_b,tfim_N10_g0.50,baseline,RBM alpha=1 SGD,mc_energy_error,5,0.0008280462258992867,0.0001720396976174784,0.0006948637161151969,0.0009702018661580216,0.0006046413423698156,0.0010635382591078569
main_b,tfim_N10_g0.50,baseline,RBM alpha=1 SGD,n_params,5,120.0,0.0,120.0,120.0,120.0,120.0
main_b,tfim_N10_g0.50,baseline,RBM alpha=1 SGD,runtime_s,5,0.584151029586792,0.01869803982390651,0.5689361572265625,0.5987480163574219,0.5584201812744141,0.6088299751281738
main_b,tfim_N10_g0.50,baseline,RBM alpha=2 SGD,energy,5,-10.626177612832429,3.2608749296458325e-05,-10.626202717339591,-10.626152508325264,-10.626217250849889,-10.626144629027943
main_b,tfim_N10_g0.50,baseline,RBM alpha=2 SGD,rel_energy_error,5,0.0008863432817462866,3.065998700628615e-06,0.0008839828604482467,0.0008887037030443263,0.0008826163645024302,0.000889444544563539
main_b,tfim_N10_g0.50,baseline,RBM alpha=2 SGD,mz_error,5,0.003551010100705265,0.0005580020105355153,0.0030646038426859422,0.0039025925849159203,0.002602785486111703,0.004033841204096111
main_b,tfim_N10_g0.50,baseline,RBM alpha=2 SGD,mx_error,5,0.008692524758768227,0.0021400713602359915,0.00682470100617012,0.010038991113788675,0.005060419028187879,0.010560516972030198
main_b,tfim_N10_g0.50,baseline,RBM alpha=2 SGD,infidelity,5,0.501364722500609,4.4557379620658734e-05,0.5013265987529572,0.5013944078237353,0.501291247473189,0.5013997569470284
main_b,tfim_N10_g0.50,baseline,RBM alpha=2 SGD,mc_energy_error,5,0.0008594656790836749,0.0003144472450443213,0.0005961693534491477,0.0010601848785083397,0.0003389297913453582,0.0011652637845968672
main_b,tfim_N10_g0.50,baseline,RBM alpha=2 SGD,n_params,5,230.0,0.0,230.0,230.0,230.0,230.0
main_b,tfim_N10_g0.50,baseline,RBM alpha=2 SGD,runtime_s,5,0.924097728729248,0.028218850227793708,0.9019509315490722,0.9455389499664306,0.8923001289367676,0.9559791088104248
main_b,tfim_N10_g0.50,baseline,RBM alpha=4 SGD,energy,5,-10.626120916226963,6.176271347922202e-05,-10.626172614522563,-10.62607967494932,-10.626221978032085,-10.626059547993366
main_b,tfim_N10_g0.50,baseline,RBM alpha=4 SGD,rel_energy_error,5,0.0008916741123493772,5.80716535702005e-06,0.0008868132418611124,0.0008955517742151658,0.0008821718968449076,0.000897444187206609
main_b,tfim_N10_g0.50,baseline,RBM alpha=4 SGD,mz_error,5,0.00284721615025012,0.0005141882793764642,0.0024795399815898287,0.0032485675672645487,0.002377115938947405,0.0036267583231477385
main_b,tfim_N10_g0.50,baseline,RBM alpha=4 SGD,mx_error,5,0.00609745723045293,0.001976887279940932,0.004688812816430021,0.0076483896653892994,0.004304877831804443,0.009111526281976645
main_b,tfim_N10_g0.50,baseline,RBM alpha=4 SGD,infidelity,5,0.5012847223232173,3.588221587503305e-05,0.5012584007257506,0.5013150787896914,0.5012506426648979,0.5013383210019398
main_b,tfim_N10_g0.50,baseline,RBM alpha=4 SGD,mc_energy_error,5,0.0008536355659632707,8.660457512035328e-05,0.0007979657433887262,0.0009284696237346936,0.00077487148599049,0.0010003334220265044
main_b,tfim_N10_g0.50,baseline,RBM alpha=4 SGD,n_params,5,450.0,0.0,450.0,450.0,450.0,450.0
main_b,tfim_N10_g0.50,baseline,RBM alpha=4 SGD,runtime_s,5,1.5674709796905517,0.06235212493003422,1.517171049118042,1.6141136169433594,1.4748561382293701,1.6389808654785156
main_b,tfim_N10_g0.50,baseline,Mean-field SR,energy,5,-10.597175213527425,0.056493652353338024,-10.623549895888328,-10.546429257400465,-10.624476504366543,-10.4961659250466
main_b,tfim_N10_g0.50,baseline,Mean-field SR,rel_energy_error,5,0.003613259232053509,0.00531174817894532,0.0011334112285200713,0.008384587139130874,0.0010462879732212067,0.013110536922453632
main_b,tfim_N10_g0.50,baseline,Mean-field SR,mz_error,5,0.005923536459589762,0.005084395711271756,0.0029545451142810597,0.01046506872001356,0.0024509316800308545,0.01477669617808286
main_b,tfim_N10_g0.50,baseline,Mean-field SR,mx_error,5,0.014894303507975864,0.012844042533099119,0.0066870955566607606,0.02619996427589983,0.005113978638820238,0.03657270634964821
main_b,tfim_N10_g0.50,baseline,Mean-field SR,infidelity,5,0.5049498639733242,0.0065991974719480815,0.5018929842676041,0.5108743640805786,0.501791536079121,0.5167511052408014
main_b,tfim_N10_g0.50,baseline,Mean-field SR,mc_energy_error,5,0.001132897409974511,0.00026634883004551026,0.0009182594375827327,0.0013365384612419608,0.0007860659755285054,0.0014470332857996417
main_b,tfim_N10_g0.50,baseline,Mean-field SR,n_params,5,10.0,0.0,10.0,10.0,10.0,10.0
main_b,tfim_N10_g0.50,baseline,Mean-field SR,runtime_s,5,0.2785231590270996,0.008416932965187925,0.2711167335510254,0.28440399169921876,0.2658259868621826,0.2872591018676758
main_b,tfim_N10_g0.50,baseline,Jastrow SR,energy,5,-10.634815478382837,3.4067456539779225e-05,-10.634840479434606,-10.634788784493812,-10.634855443007627,-10.634767175201455
main_b,tfim_N10_g0.50,baseline,Jastrow SR,rel_energy_error,5,7.417829159178469e-05,3.203151906815365e-06,7.182759756347888e-05,7.6688152620608e-05,7.042066548493836e-05,7.871994052186231e-05
main_b,tfim_N10_g0.50,baseline,Jastrow SR,mz_error,5,0.0008698417032804607,0.00017408300201284007,0.0007146537058485558,0.0009844059239807912,0.0005790882049392376,0.0010434807542913926
main_b,tfim_N10_g0.50,baseline,Jastrow SR,mx_error,5,0.002974150647236973,0.0006373908714220587,0.00241364789208659,0.0034253770148848783,0.0019430497111596057,0.003689503573320041
main_b,tfim_N10_g0.50,baseline,Jastrow SR,infidelity,5,0.4999377615292396,4.480351981052583e-06,0.4999344471787234,0.499941488584985,0.4999340008046086,0.4999440386970404
main_b,tfim_N10_g0.50,baseline,Jastrow SR,mc_energy_error,5,8.796639328113219e-05,9.529239816336484e-05,3.509652945279338e-06,0.00014750556205853866,-7.257721459640581e-05,0.0001586514912771801
main_b,tfim_N10_g0.50,baseline,Jastrow SR,n_params,5,55.0,0.0,55.0,55.0,55.0,55.0
main_b,tfim_N10_g0.50,baseline,Jastrow SR,runtime_s,5,0.3999800682067871,0.01662799132491529,0.38566575050354,0.41211857795715334,0.376859188079834,0.4176788330078125
main_b,tfim_N10_g0.50,baseline,RBM alpha=1 SR,energy,5,-10.634717111704324,0.0002084907340925609,-10.634870858772741,-10.634563364635909,-10.634983372826534,-10.634462924069094
main_b,tfim_N10_g0.50,baseline,RBM alpha=1 SR,rel_energy_error,5,8.342710103642979e-05,1.960309222335535e-05,6.897121658486057e-05,9.788298548799898e-05,5.8392217079684414e-05,0.00010732678980267417
main_b,tfim_N10_g0.50,baseline,RBM alpha=1 SR,mz_error,5,0.0005395912392239799,0.00021086984391195885,0.00036248794582594,0.0006802148661014141,0.0001928933957842105,0.0007248685604239746
main_b,tfim_N10_g0.50,baseline,RBM alpha=1 SR,mx_error,5,0.0011078669766239279,0.0005489818852564488,0.000691988986937886,0.001518209482134858,0.0003198010564241516,0.0016274869111552182
main_b,tfim_N10_g0.50,baseline,RBM alpha=1 SR,infidelity,5,0.5000448288388016,2.7395979673364118e-05,0.5000227384253482,0.5000661674162622,0.5000070577237494,0.5000809448393904
main_b,tfim_N10_g0.50,baseline,RBM alpha=1 SR,mc_energy_error,5,0.00019248895994805387,8.634337226080883e-05,0.00013160513126694943,0.0002684165605131322,8.923071448340439e-05,0.0003145322986819754
main_b,tfim_N10_g0.50,baseline,RBM alpha=1 SR,n_params,5,120.0,0.0,120.0,120.0,120.0,120.0
main_b,tfim_N10_g0.50,baseline,RBM alpha=1 SR,runtime_s,5,0.6654801845550538,0.04636525441014137,0.6360093116760254,0.7067463874816895,0.631450891494751,0.7437739372253418
main_b,tfim_N10_g0.50,method,RBM alpha=2 SR,energy,5,-10.635068242329341,0.00017339614429649945,-10.635162154085014,-10.63490983963598,-10.6351818644501,-10.634760857936248
main_b,tfim_N10_g0.50,method,RBM alpha=2 SR,rel_energy_error,5,5.041246345659192e-05,1.6303365340128517e-05,4.158252281017583e-05,6.530608748225747e-05,3.972927927767546e-05,7.931391383642453e-05
main_b,tfim_N10_g0.50,method,RBM alpha=2 SR,mz_error,5,0.0008064278882416121,0.0003922369132888891,0.0005549034146779208,0.001138369450474519,0.0004277846943506747,0.0014590253087942706
main_b,tfim_N10_g0.50,method,RBM alpha=2 SR,mx_error,5,0.0019990117896099614,0.0013535400180738951,0.0011202465450726562,0.0031620937004458115,0.0006951912429088991,0.004242051085220411
main_b,tfim_N10_g0.50,method,RBM alpha=2 SR,infidelity,5,0.5000310417256226,3.357569140861713e-05,0.5000109162640068,0.5000614476862981,0.500004277565386,0.5000888735537892
main_b,tfim_N10_g0.50,method,RBM alpha=2 SR,mc_energy_error,5,7.136734411007711e-05,4.563862893600521e-05,4.176949468976844e-05,0.00011023442356968825,3.36104077705259e-05,0.0001477157570337739
main_b,tfim_N10_g0.50,method,RBM alpha=2 SR,n_params,5,230.0,0.0,230.0,230.0,230.0,230.0
main_b,tfim_N10_g0.50,method,RBM alpha=2 SR,runtime_s,5,1.1420385837554932,0.03404590275709562,1.1154882431030273,1.168588924407959,1.1058781147003174,1.1792008876800537
main_b,tfim_N10_g0.50,baseline,RBM alpha=4 SR,energy,5,-10.63517715507113,2.489479068010818e-05,-10.635198784334815,-10.635160670967618,-10.635218352608998,-10.635156662782368
main_b,tfim_N10_g0.50,baseline,RBM alpha=4 SR,rel_energy_error,5,4.017207300958273e-05,2.3407029572383613e-06,3.813840732718577e-05,4.1721971152302696e-05,3.629852372146868e-05,4.209883598312386e-05
main_b,tfim_N10_g0.50,baseline,RBM alpha=4 SR,mz_error,5,0.0004338304844158092,7.523033989904722e-05,0.00037745986956412293,0.0004962121033300182,0.0003515081707351486,0.0005346701214737903
main_b,tfim_N10_g0.50,baseline,RBM alpha=4 SR,mx_error,5,0.0007331653555803563,0.00013156707728238196,0.000620220421955997,0.0008328380412321202,0.0005361954681210035,0.0009019985672711894
main_b,tfim_N10_g0.50,baseline,RBM alpha=4 SR,infidelity,5,0.5000062425195465,8.088524118902356e-06,0.4999999757066038,0.5000125093324892,0.49999611158980095,0.5000144716046573
main_b,tfim_N10_g0.50,baseline,RBM alpha=4 SR,mc_energy_error,5,3.95348993899581e-05,5.807271712466932e-05,-4.779919998680232e-06,8.294977956465601e-05,-3.887767219797773e-05,0.0001180708564503344
main_b,tfim_N10_g0.50,baseline,RBM alpha=4 SR,n_params,5,450.0,0.0,450.0,450.0,450.0,450.0
main_b,tfim_N10_g0.50,baseline,RBM alpha=4 SR,runtime_s,5,2.302136993408203,0.07607639783904474,2.243015003204346,2.3612589836120605,2.2124087810516357,2.3815348148345947
main_b,tfim_N10_g0.75,baseline,Mean-field SGD,energy,5,-11.405337951379405,0.0007050873609176051,-11.405821005684617,-11.404725648354873,-11.405896347495606,-11.404197967996279
main_b,tfim_N10_g0.75,baseline,Mean-field SGD,rel_energy_error,5,0.005822968878406591,6.146084071763343e-05,0.0057808621475871095,0.005876341922298456,0.00577429477551276,0.005922338603372591
main_b,tfim_N10_g0.75,baseline,Mean-field SGD,mz_error,5,0.029966366521595744,0.001717307749835449,0.02848279410411514,0.030984970831464544,0.027018986274855217,0.03137889429219165
main_b,tfim_N10_g0.75,baseline,Mean-field SGD,mx_error,5,0.0396027406553367,0.004158311366258968,0.03602825635527901,0.04207986448894604,0.03248561193510163,0.043051168470074175
main_b,tfim_N10_g0.75,baseline,Mean-field SGD,infidelity,5,0.5153023793744502,0.0003728042103386608,0.514986929762254,0.5155475401016014,0.5146876817822708,0.5156341778744782
main_b,tfim_N10_g0.75,baseline,Mean-field SGD,mc_energy_error,5,0.005405211648686846,0.0008001924068399487,0.004722889574486978,0.005909920446940253,0.004061217235968608,0.006101756892810842
main_b,tfim_N10_g0.75,baseline,Mean-field SGD,n_params,5,10.0,0.0,10.0,10.0,10.0,10.0
main_b,tfim_N10_g0.75,baseline,Mean-field SGD,runtime_s,5,0.28198790550231934,0.00717773479726291,0.2760195255279541,0.2872112274169922,0.27283406257629395,0.2910137176513672
main_b,tfim_N10_g0.75,baseline,Jastrow SGD,energy,5,-11.46129528143359,0.00012790712256853856,-11.46139823301985,-11.461188330303795,-11.461464895697858,-11.461111584590142
main_b,tfim_N10_g0.75,baseline,Jastrow SGD,rel_energy_error,5,0.0009452973442609753,1.1149369174424105e-05,0.0009363232916884878,0.0009546200278279356,0.0009305124596378599,0.0009613097748633644
main_b,tfim_N10_g0.75,baseline,Jastrow SGD,mz_error,5,0.011968912447570678,0.0012837967130944507,0.010952304410816228,0.01298552048432513,0.010550954639569454,0.013378428133480336
main_b,tfim_N10_g0.75,baseline,Jastrow SGD,mx_error,5,0.013433267926394798,0.002606759545911501,0.011374959611700874,0.015491576241088722,0.010480431479157393,0.01630044285525095
main_b,tfim_N10_g0.75,baseline,Jastrow SGD,infidelity,5,0.5002318933577351,0.00011810037404492476,0.5001438344461547,0.500324442084847,0.5000996796107694,0.5003844869112883
main_b,tfim_N10_g0.75,baseline,Jastrow SGD,mc_energy_error,5,0.0009484574027763598,0.0001522310893065422,0.0008356145270319493,0.001071329917932798,0.0007593735622058654,0.0011783382117932064
main_b,tfim_N10_g0.75,baseline,Jastrow SGD,n_params,5,55.0,0.0,55.0,55.0,55.0,55.0
main_b,tfim_N10_g0.75,baseline,Jastrow SGD,runtime_s,5,0.405651330947876,0.006015650789672864,0.40086965560913085,0.4104330062866211,0.3988199234008789,0.41208314895629883
main_b,tfim_N10_g0.75,baseline,RBM alpha=1 SGD,energy,5,-11.410896942497967,0.0001599631690593422,-11.411037312299944,-11.410790629975075,-11.411155179466574,-11.41077158869539
main_b,tfim_N10_g0.75,baseline,RBM alpha=1 SGD,rel_energy_error,5,0.005338404430616122,1.3943620888683325e-05,0.005326168718392523,0.005347671448290415,0.005315894509045861,0.005349331232769304
main_b,tfim_N10_g0.75,baseline,RBM alpha=1 SGD,mz_error,5,0.03179288123194426,0.0014689662171612171,0.03049027801257509,0.032833530374119735,0.02957149665618497,0.03311420177288216
main_b,tfim_N10_g0.75,baseline,RBM alpha=1 SGD,mx_error,5,0.04429523482988893,0.003603792997155478,0.041099499273614046,0.04684884913754911,0.03883502899147895,0.047554612293237375
main_b,tfim_N10_g0.75,baseline,RBM alpha=1 SGD,infidelity,5,0.5143378380368708,0.0004070802984300615,0.5139789854910183,0.514624485461793,0.5137224411808978,0.514666515954258
main_b,tfim_N10_g0.75,baseline,RBM alpha=1 SGD,mc_energy_error,5,0.005429178936147481,0.00042862361822145926,0.00507590584373777,0.005746788820496427,0.004833537449220484,0.005778250576758848
main_b,tfim_N10_g0.75,baseline,RBM alpha=1 SGD,n_params,5,120.0,0.0,120.0,120.0,120.0,120.0
main_b,tfim_N10_g0.75,baseline,RBM alpha=1 SGD,runtime_s,5,0.6192404270172119,0.020142217437126048,0.6035410404205322,0.6347073554992676,0.5947558879852295,0.6425929069519043
main_b,tfim_N10_g0.75,baseline,RBM alpha=2 SGD,energy,5,-11.412025091297982,0.00025416039942510797,-11.412206194331953,-11.411803727376071,-11.412318837336864,-11.411620039942417
main_b,tfim_N10_g0.75,baseline,RBM alpha=2 SGD,rel_energy_error,5,0.005240066298993111,2.215457642757774e-05,0.005224279964786948,0.005259362082039561,0.0052144611335800655,0.005275373692411716
main_b,tfim_N10_g0.75,baseline,RBM alpha=2 SGD,mz_error,5,0.030762004445679048,0.0015982014418215644,0.029414370944331036,0.031911357033496054,0.02829993373497841,0.03225815742036653
main_b,tfim_N10_g0.75,baseline,RBM alpha=2 SGD,mx_error,5,0.041869550529203735,0.003899046385567624,0.038559650353564824,0.04468401128268603,0.035885468382637675,0.04549658183773275
main_b,tfim_N10_g0.75,baseline,RBM alpha=2 SGD,infidelity,5,0.5137375303254775,0.00045102280386741277,0.5133872173164593,0.514054620704534,0.5130558741453201,0.5142489174988868
main_b,tfim_N10_g0.75,baseline,RBM alpha=2 SGD,mc_energy_error,5,0.0054688878076223375,0.0004153036010649024,0.0051636339790986936,0.005801222012103377,0.0049693401777409435,0.006050052605271816
main_b,tfim_N10_g0.75,baseline,RBM alpha=2 SGD,n_params,5,230.0,0.0,230.0,230.0,230.0,230.0
main_b,tfim_N10_g0.75,baseline,RBM alpha=2 SGD,runtime_s,5,0.9598222255706788,0.04855096043642393,0.921498155593872,0.9974686145782471,0.9031038284301758,1.03078293800354
main_b,tfim_N10_g0.75,baseline,RBM alpha=4 SGD,energy,5,-11.413009350310432,0.0002686994001675827,-11.413209771745251,-11.412808928875611,-11.413297558422494,-11.4126410564826
main_b,tfim_N10_g0.75,baseline,RBM alpha=4 SGD,rel_energy_error,5,0.005154270708628313,2.34219076238262e-05,0.00513680043393022,0.005171740983326406,0.005129148271537121,0.005186374033044329
main_b,tfim_N10_g0.75,baseline,RBM alpha=4 SGD,mz_error,5,0.030164179668907366,0.002162584204410376,0.028487426904045397,0.031809615286870985,0.027252779130567784,0.032616011842725334
main_b,tfim_N10_g0.75,baseline,RBM alpha=4 SGD,mx_error,5,0.04054718057629051,0.005307700700780364,0.03642422206914864,0.04458875896687624,0.03344624360705861,0.04662875678059808
main_b,tfim_N10_g0.75,baseline,RBM alpha=4 SGD,infidelity,5,0.5132829693751118,0.0005016554350396174,0.5128936669607496,0.5136722717894738,0.5126297679817775,0.5138134739795968
main_b,tfim_N10_g0.75,baseline,RBM alpha=4 SGD,mc_energy_error,5,0.005321194565106898,0.0002771594629520459,0.005118721352825995,0.005549484356603464,0.004998018147420592,0.00573061707052591
main_b,tfim_N10_g0.75,baseline,RBM alpha=4 SGD,n_params,5,450.0,0.0,450.0,450.0,450.0,450.0
main_b,tfim_N10_g0.75,baseline,RBM alpha=4 SGD,runtime_s,5,1.6042399883270264,0.008617188611332148,1.5963734626770019,1.6094992637634278,1.589282751083374,1.611159086227417
main_b,tfim_N10_g0.75,baseline,Mean-field SR,energy,5,-11.395956031897786,0.01095879340538146,-11.40250146572527,-11.3860165530104,-11.402975292060336,-11.376990361414732
main_b,tfim_N10_g0.75,baseline,Mean-field SR,rel_energy_error,5,0.006640769183511086,0.0009552527718937347,0.006070218797564151,0.0075071706573900405,0.006028916447641556,0.008293962982279579
main_b,tfim_N10_g0.75,baseline,Mean-field SR,mz_error,5,0.028377930333683344,0.006659709472826682,0.022770453160878047,0.03325998194871456,0.019199775397989782,0.034203810801997525
main_b,tfim_N10_g0.75,baseline,Mean-field SR,mx_error,5,0.03699129610767008,0.015077839775128644,0.02451978818770767,0.04812978407282831,0.016925330695085283,0.05039661140501395
main_b,tfim_N10_g0.75,baseline,Mean-field SR,infidelity,5,0.5161648454943706,0.0007356387497723546,0.5155038032659934,0.5165876921599516,0.5148762442555517,0.5167224242654593
main_b,tfim_N10_g0.75,baseline,Mean-field SR,mc_energy_error,5,0.005583541188662888,0.0005980761272975774,0.005070035606022439,0.005990825600750201,0.004638392680320106,0.006207841589694785
main_b,tfim_N10_g0.75,baseline,Mean-field SR,n_params,5,10.0,0.0,10.0,10.0,10.0,10.0
main_b,tfim_N10_g0.75,baseline,Mean-field SR,runtime_s,5,0.2924499988555908,0.011869997271128939,0.28240065574645995,0.3008455276489258,0.2737851142883301,0.3030891418457031
main_b,tfim_N10_g0.75,baseline,Jastrow SR,energy,5,-11.462468037808641,2.5922435306213266e-05,-11.4624881669942,-11.462447908623085,-11.462501136998235,-11.462438919440896
main_b,tfim_N10_g0.75,baseline,Jastrow SR,rel_energy_error,5,0.0008430708730990498,2.2595989599670165e-06,0.0008413162583719713,0.0008448254878261282,0.0008401856930024889,0.0008456090541255363
main_b,tfim_N10_g0.75,baseline,Jastrow SR,mz_error,5,0.010237660511233981,0.0001390974527941144,0.010131251149194576,0.010344069873273387,0.010119691836737332,0.010406998766857245
main_b,tfim_N10_g0.75,baseline,Jastrow SR,mx_error,5,0.010741396122698232,0.0001292033065896719,0.010645772599554659,0.010843648582741894,0.010570873976929074,0.010896268966858691
main_b,tfim_N10_g0.75,baseline,Jastrow SR,infidelity,5,0.49846247979757174,9.066279507108114e-05,0.49839168572117265,0.4985287829992132,0.4983292118098065,0.498553763985187
main_b,tfim_N10_g0.75,baseline,Jastrow SR,mc_energy_error,5,0.0008348951379639439,3.588128380586043e-05,0.000811355684128784,0.0008657921110343345,0.0007987403343358393,0.000892935416640379
main_b,tfim_N10_g0.75,baseline,Jastrow SR,n_params,5,55.0,0.0,55.0,55.0,55.0,55.0
main_b,tfim_N10_g0.75,baseline,Jastrow SR,runtime_s,5,0.4126316547393799,0.014450091011653947,0.4002100944519043,0.4229581832885742,0.3903191089630127,0.42430710792541504
main_b,tfim_N10_g0.75,baseline,RBM alpha=1 SR,energy,5,-11.462762484612387,0.0003452165278165869,-11.463020427824512,-11.46250454140026,-11.463056522546584,-11.462367146856845
main_b,tfim_N10_g0.75,baseline,RBM alpha=1 SR,rel_energy_error,5,0.000817404623626726,3.009172934432908e-05,0.0007949203081319894,0.0008398889391214627,0.000791774014371632,0.000851865304911583
main_b,tfim_N10_g0.75,baseline,RBM alpha=1 SR,mz_error,5,0.00928424047494567,0.0011610053625179318,0.008385059049928211,0.01018342189996313,0.007841677807651659,0.010667195038405186
main_b,tfim_N10_g0.75,baseline,RBM alpha=1 SR,mx_error,5,0.010474119824166772,0.001749016192071677,0.008996978122693544,0.011792854270340903,0.008010056296474388,0.012211126079456514
main_b,tfim_N10_g0.75,baseline,RBM alpha=1 SR,infidelity,5,0.4973555862783664,0.0005659142917205954,0.49689447648458807,0.4978418204702157,0.4965925972427744,0.4981889436742919
main_b,tfim_N10_g0.75,baseline,RBM alpha=1 SR,mc_energy_error,5,0.0008216764236765461,0.00013524840791983303,0.0007164190469431002,0.0009211227691882148,0.0006669893830778698,0.0010042262000994897
main_b,tfim_N10_g0.75,baseline,RBM alpha=1 SR,n_params,5,120.0,0.0,120.0,120.0,120.0,120.0
main_b,tfim_N10_g0.75,baseline,RBM alpha=1 SR,runtime_s,5,0.7229788780212403,0.014123306945440823,0.7118841171264648,0.7340736389160156,0.7077841758728027,0.7369871139526367
main_b,tfim_N10_g0.75,method,RBM alpha=2 SR,energy,5,-11.463344396439075,0.00010143535285081266,-11.463407057818136,-11.46325503847075,-11.463423048744579,-11.463172323621151
main_b,tfim_N10_g0.75,method,RBM alpha=2 SR,rel_energy_error,5,0.0007666807104304098,8.841885999792823e-06,0.0007612186623899532,0.0007744698386476458,0.0007598247701758589,0.000781679901510993
main_b,tfim_N10_g0.75,method,RBM alpha=2 SR,mz_error,5,0.007916965196135339,0.0007940768028772904,0.007255541920527908,0.008478658518611293,0.006679341476976686,0.008688515298080124
main_b,tfim_N10_g0.75,method,RBM alpha=2 SR,mx_error,5,0.00921151964319732,0.0011417017564037837,0.00826620334042134,0.010017070334362032,0.007488137674428963,0.010485653728873778
main_b,tfim_N10_g0.75,method,RBM alpha=2 SR,infidelity,5,0.49446397245959767,0.0008674015607127844,0.4937844943594777,0.49514345055971754,0.4934771262103014,0.4954506605189125
main_b,tfim_N10_g0.75,method,RBM alpha=2 SR,mc_energy_error,5,0.0006915894244343003,0.00019969620571736856,0.0005332562760436957,0.0008499225728249048,0.0004847001446576672,0.0009188779781410465
main_b,tfim_N10_g0.75,method,RBM alpha=2 SR,n_params,5,230.0,0.0,230.0,230.0,230.0,230.0
main_b,tfim_N10_g0.75,method,RBM alpha=2 SR,runtime_s,5,1.2468837738037108,0.030034093570556575,1.2242562294006347,1.2698468685150146,1.2181169986724854,1.2814791202545166
main_b,tfim_N10_g0.75,baseline,RBM alpha=4 SR,energy,5,-11.463339901860296,0.0002696299879970842,-11.463540071435627,-11.463130133485413,-11.463595169382513,-11.462946268776632
main_b,tfim_N10_g0.75,baseline,RBM alpha=4 SR,rel_energy_error,5,0.0007670724925066636,2.350302482122949e-05,0.0007496241718193215,0.0007853575184346082,0.0007448214107368844,0.0008013845814715588
main_b,tfim_N10_g0.75,baseline,RBM alpha=4 SR,mz_error,5,0.008379568556808681,0.0012544914911426213,0.0074526734354789514,0.009372925996090964,0.007305860124324548,0.00991724469950217
main_b,tfim_N10_g0.75,baseline,RBM alpha=4 SR,mx_error,5,0.009887209210296611,0.0018998729991603887,0.008447365048443645,0.011331419086752559,0.00803366406377587,0.012068790545186725
main_b,tfim_N10_g0.75,baseline,RBM alpha=4 SR,infidelity,5,0.49517270501221267,0.0011645093350611886,0.49428739367875824,0.4960752246655747,0.4937801143241226,0.49654375337815637
main_b,tfim_N10_g0.75,baseline,RBM alpha=4 SR,mc_energy_error,5,0.0007795970481267537,0.00016993351229489473,0.0006302214375544547,0.000897015003891978,0.0005157964008357976,0.0009035298413468989
main_b,tfim_N10_g0.75,baseline,RBM alpha=4 SR,n_params,5,450.0,0.0,450.0,450.0,450.0,450.0
main_b,tfim_N10_g0.75,baseline,RBM alpha=4 SR,runtime_s,5,2.515480947494507,0.07483580174092624,2.456695032119751,2.574266862869263,2.4260013103485107,2.595913887023926
main_b,tfim_N10_g1.00,baseline,Mean-field SGD,energy,5,-12.497183350701349,0.0014187028177358161,-12.498357165011887,-12.49612024826369,-12.499064920572149,-12.495665190516569
main_b,tfim_N10_g1.00,baseline,Mean-field SGD,rel_energy_error,5,0.02250490401167728,0.00011096700817260549,0.02241309150481316,0.022588056942236846,0.022357732823587273,0.022623650299853623
main_b,tfim_N10_g1.00,baseline,Mean-field SGD,mz_error,5,0.1541200345566962,0.0023364777974409986,0.15238669416863443,0.15591303619409994,0.15192520703453227,0.157517049968379
main_b,tfim_N10_g1.00,baseline,Mean-field SGD,mx_error,5,0.13143126165792693,0.003988047129769906,0.12851105676408478,0.13455750016681728,0.12774121022978335,0.13736849994253686
main_b,tfim_N10_g1.00,baseline,Mean-field SGD,infidelity,5,0.5850382317477857,0.0013476200982531373,0.5840922877146665,0.5861514574796016,0.5838390394558642,0.5871594689792254
main_b,tfim_N10_g1.00,baseline,Mean-field SGD,mc_energy_error,5,0.02100670263644107,0.0006985599869090071,0.020492785320307093,0.021520619952575048,0.020029027616269415,0.02181597796678858
main_b,tfim_N10_g1.00,baseline,Mean-field SGD,n_params,5,10.0,0.0,10.0,10.0,10.0,10.0
main_b,tfim_N10_g1.00,baseline,Mean-field SGD,runtime_s,5,0.293046760559082,0.005531023402895176,0.2882131576538086,0.2967651844024658,0.2839980125427246,0.2979240417480469
main_b,tfim_N10_g1.00,baseline,Jastrow SGD,energy,5,-12.692271258768683,0.0011897984332992118,-12.692945575611105,-12.69118694815298,-12.693003389873981,-12.69019282931687
main_b,tfim_N10_g1.00,baseline,Jastrow SGD,rel_energy_error,5,0.007245667744511913,9.306274070986299e-05,0.0071929245472553095,0.0073304795200646285,0.007188402475612619,0.007408236744221495
main_b,tfim_N10_g1.00,baseline,Jastrow SGD,mz_error,5,0.08155529473566744,0.007298259851562604,0.07599445379623893,0.08723293222706145,0.07503011342215127,0.09131863873990897
main_b,tfim_N10_g1.00,baseline,Jastrow SGD,mx_error,5,0.06467399800345472,0.007620959694091523,0.058731518289909704,0.07061647771699975,0.05751149781785958,0.07416879297045664
main_b,tfim_N10_g1.00,baseline,Jastrow SGD,infidelity,5,0.4842660198957168,0.004345190174755478,0.481203269021483,0.4879989341049621,0.48076166182244306,0.49108830017796856
main_b,tfim_N10_g1.00,baseline,Jastrow SGD,mc_energy_error,5,0.007232663534870806,0.00036599499215572365,0.0069951549935855315,0.007560456547109393,0.006865010326587586,0.007831300748927805
main_b,tfim_N10_g1.00,baseline,Jastrow SGD,n_params,5,55.0,0.0,55.0,55.0,55.0,55.0
main_b,tfim_N10_g1.00,baseline,Jastrow SGD,runtime_s,5,0.41510725021362305,0.009328624411956931,0.40796613693237305,0.42224836349487305,0.40477800369262695,0.4256172180175781
main_b,tfim_N10_g1.00,baseline,RBM alpha=1 SGD,energy,5,-12.520359870628292,0.0025257036204217763,-12.522487510609626,-12.518517147471865,-12.523807727403033,-12.518163857301957
main_b,tfim_N10_g1.00,baseline,RBM alpha=1 SGD,rel_energy_error,5,0.02069210076354442,0.0001975535473552654,0.020525682652405418,0.020836233469140576,0.020422418948498663,0.020863866848507218
main_b,tfim_N10_g1.00,baseline,RBM alpha=1 SGD,mz_error,5,0.15823761856008214,0.00446113773603337,0.1546308911305675,0.16124460320424067,0.15109778057214296,0.16292119411160555
main_b,tfim_N10_g1.00,baseline,RBM alpha=1 SGD,mx_error,5,0.13879868850832403,0.007634466463096532,0.13263698629151024,0.14399659489907818,0.12664369923476293,0.14694471247985857
main_b,tfim_N10_g1.00,baseline,RBM alpha=1 SGD,infidelity,5,0.5805622701506193,0.0029129862818231982,0.5783088528875368,0.5826170804183652,0.5762082685572104,0.58370136495669
main_b,tfim_N10_g1.00,baseline,RBM alpha=1 SGD,mc_energy_error,5,0.02098915814710991,0.000696670669545577,0.020435941755659784,0.021568629221820602,0.02001435487949114,0.02195899113525486
main_b,tfim_N10_g1.00,baseline,RBM alpha=1 SGD,n_params,5,120.0,0.0,120.0,120.0,120.0,120.0
main_b,tfim_N10_g1.00,baseline,RBM alpha=1 SGD,runtime_s,5,0.6649006366729736,0.011644487264872246,0.6550753593444825,0.673330545425415,0.647193193435669,0.6744921207427979
main_b,tfim_N10_g1.00,baseline,RBM alpha=2 SGD,energy,5,-12.535381346325542,0.0047705311868837625,-12.538871878433282,-12.531633626038456,-12.541955008475094,-12.529891254483717
main_b,tfim_N10_g1.00,baseline,RBM alpha=2 SGD,rel_energy_error,5,0.019517162506137466,0.0003731377470890758,0.019244142744647495,0.019810298815253403,0.019002988845277676,0.01994658229628752
main_b,tfim_N10_g1.00,baseline,RBM alpha=2 SGD,mz_error,5,0.15336710962834207,0.0028160396170876863,0.15113384827522777,0.15550038339904948,0.14925131843850137,0.15665544886322957
main_b,tfim_N10_g1.00,baseline,RBM alpha=2 SGD,mx_error,5,0.13090268850137537,0.004781810229608117,0.1270425234040004,0.13436372614739306,0.12394332644111872,0.13662958747218124
main_b,tfim_N10_g1.00,baseline,RBM alpha=2 SGD,infidelity,5,0.5740477954885593,0.0018585736882846284,0.5726416999509615,0.5754538910261571,0.5718484805371755,0.5760609693385014
main_b,tfim_N10_g1.00,baseline,RBM alpha=2 SGD,mc_energy_error,5,0.019872730263048304,0.0009053650286819874,0.019156069996160367,0.02049747421278308,0.018445164071749173,0.02070905950841973
main_b,tfim_N10_g1.00,baseline,RBM alpha=2 SGD,n_params,5,230.0,0.0,230.0,230.0,230.0,230.0
main_b,tfim_N10_g1.00,baseline,RBM alpha=2 SGD,runtime_s,5,1.0275688648223877,0.02577521705932087,1.0094698429107667,1.048291015625,1.0000030994415283,1.0681860446929932
main_b,tfim_N10_g1.00,baseline,RBM alpha=4 SGD,energy,5,-12.561244803800312,0.0033442304020673856,-12.56378795460279,-12.558701652997835,-12.564966327236048,-12.557679511227551
main_b,tfim_N10_g1.00,baseline,RBM alpha=4 SGD,rel_energy_error,5,0.01749419443905916,0.0002615764469594546,0.017295276221407967,0.017693112656710364,0.01720310717515683,0.017773061757224592
main_b,tfim_N10_g1.00,baseline,RBM alpha=4 SGD,mz_error,5,0.13995031573941258,0.006390605543045377,0.1354493511485558,0.14502646550098944,0.13226909044025492,0.1491923568893967
main_b,tfim_N10_g1.00,baseline,RBM alpha=4 SGD,mx_error,5,0.11065939948093977,0.009973507245479987,0.1036095489269195,0.11845025791743861,0.09890633881658728,0.1250451728541453
main_b,tfim_N10_g1.00,baseline,RBM alpha=4 SGD,infidelity,5,0.5599191957673241,0.003962076664530931,0.556922191172717,0.5632741483446474,0.5549114327538072,0.5657080628307452
main_b,tfim_N10_g1.00,baseline,RBM alpha=4 SGD,mc_energy_error,5,0.01753386617298907,0.0007368700699266033,0.01697748848566958,0.018123778332952284,0.016752807757115594,0.018570901172293177
main_b,tfim_N10_g1.00,baseline,RBM alpha=4 SGD,n_params,5,450.0,0.0,450.0,450.0,450.0,450.0
main_b,tfim_N10_g1.00,baseline,RBM alpha=4 SGD,runtime_s,5,1.692491388320923,0.02654745220081615,1.673779010772705,1.7136906147003175,1.6645619869232178,1.7331368923187256
main_b,tfim_N10_g1.00,baseline,Mean-field SR,energy,5,-12.488125001898524,0.007964676035319687,-12.492391770605895,-12.480926040466041,-12.493315699233488,-12.47403509246996
main_b,tfim_N10_g1.00,baseline,Mean-field SR,rel_energy_error,5,0.023213422986236375,0.0006229749174020162,0.02287968814614307,0.02377650582650382,0.022807421005847,0.024315496708198006
main_b,tfim_N10_g1.00,baseline,Mean-field SR,mz_error,5,0.1525018635241244,0.00642291931931284,0.1466330499879625,0.15630126304765443,0.1413536701597926,0.15746735859261252
main_b,tfim_N10_g1.00,baseline,Mean-field SR,mx_error,5,0.12961564855041038,0.01024030837632733,0.12022776960102857,0.1357819017322021,0.11192456418630281,0.13784811773825867
main_b,tfim_N10_g1.00,baseline,Mean-field SR,infidelity,5,0.5852801482497056,0.0028687990529422986,0.5826260326932651,0.5870918140040515,0.5804272860172601,0.587870254868571
main_b,tfim_N10_g1.00,baseline,Mean-field SR,mc_energy_error,5,0.021580106883831617,0.0006571448087063614,0.021062789037344126,0.022097424730319108,0.020928141223458045,0.022392928022770663
main_b,tfim_N10_g1.00,baseline,Mean-field SR,n_params,5,10.0,0.0,10.0,10.0,10.0,10.0
main_b,tfim_N10_g1.00,baseline,Mean-field SR,runtime_s,5,0.3113950252532959,0.00522330963939142,0.30860123634338377,0.31603202819824217,0.3079190254211426,0.3206300735473633
main_b,tfim_N10_g1.00,baseline,Jastrow SR,energy,5,-12.737710348510111,0.010994517887477618,-12.747187737580775,-12.729721736626946,-12.752826640193353,-12.725612799054565
main_b,tfim_N10_g1.00,baseline,Jastrow SR,rel_energy_error,5,0.003691547896703655,0.0008599607620514305,0.0029502527520799764,0.004316395009882174,0.0025091933952737736,0.004637784735392158
main_b,tfim_N10_g1.00,baseline,Jastrow SR,mz_error,5,0.02538207994449364,0.007573512200926602,0.019076317733140936,0.0303697057073538,0.012999135182182542,0.03247568699624659
main_b,tfim_N10_g1.00,baseline,Jastrow SR,mx_error,5,0.01591277809827323,0.005433118245432036,0.011840326163727922,0.019771393040990827,0.0077794590528513785,0.021105373626149504
main_b,tfim_N10_g1.00,baseline,Jastrow SR,infidelity,5,0.1518250410146251,0.06332342974842264,0.10028720764033568,0.19824954968510042,0.06746921834621489,0.23155916481681882
main_b,tfim_N10_g1.00,baseline,Jastrow SR,mc_energy_error,5,0.0038463539417912334,0.0008070446999725846,0.003218984523091853,0.004479661477813955,0.0028172525046839757,0.004992421645603562
main_b,tfim_N10_g1.00,baseline,Jastrow SR,n_params,5,55.0,0.0,55.0,55.0,55.0,55.0
main_b,tfim_N10_g1.00,baseline,Jastrow SR,runtime_s,5,0.433765172958374,0.006132015675289822,0.4291557788848877,0.43854300379753103,0.427793025970459,0.44257569313049316
main_b,tfim_N10_g1.00,baseline,RBM alpha=1 SR,energy,5,-12.783973991543558,0.00014792608579597806,-12.78406697658249,-12.783840330685049,-12.784075760841167,-12.783724382442651
main_b,tfim_N10_g1.00,baseline,RBM alpha=1 SR,rel_energy_error,5,7.293377232963273e-05,1.1570369048263304e-05,6.56607399186032e-05,8.338835477820629e-05,6.497365951509992e-05,9.245750541397747e-05
main_b,tfim_N10_g1.00,baseline,RBM alpha=1 SR,mz_error,5,0.0019901175536009897,0.0013085428821681198,0.0010111668025646336,0.0030152354440819095,0.0006769101445984749,0.00387232630875578
main_b,tfim_N10_g1.00,baseline,RBM alpha=1 SR,mx_error,5,0.0011458859477227802,0.001080464202848792,0.0004351564129752683,0.0021138739571321397,0.00037544327737382144,0.0029200942598315294
main_b,tfim_N10_g1.00,baseline,RBM alpha=1 SR,infidelity,5,0.0003981653193909418,0.00010992466435371153,0.00031506779864096666,0.00048204382874210693,0.0002941577230546333,0.0005538159816572685
main_b,tfim_N10_g1.00,baseline,RBM alpha=1 SR,mc_energy_error,5,0.00011532060845772084,9.362384631930285e-05,4.336847940448263e-05,0.00019001891921657942,-7.891807818582398e-06,0.00023949660097536985
main_b,tfim_N10_g1.00,baseline,RBM alpha=1 SR,n_params,5,120.0,0.0,120.0,120.0,120.0,120.0
main_b,tfim_N10_g1.00,baseline,RBM alpha=1 SR,runtime_s,5,0.7984299182891845,0.027573633845779075,0.7768961429595947,0.819416093826294,0.7604238986968994,0.828009843826294
main_b,tfim_N10_g1.00,method,RBM alpha=2 SR,energy,5,-12.78431291474022,4.734139842739593e-05,-12.784348573037825,-12.784275141754478,-12.784359462061754,-12.784254022843369
main_b,tfim_N10_g1.00,method,RBM alpha=2 SR,rel_energy_error,5,4.6424137849620615e-05,3.702913168286667e-06,4.3635044494442424e-05,4.9378636257625444e-05,4.2783335176958495e-05,5.103049903761499e-05
main_b,tfim_N10_g1.00,method,RBM alpha=2 SR,mz_error,5,0.002125850187905498,0.000805728372833296,0.0015726881893469713,0.0028184410926862303,0.0012404451361802682,0.0034289303450463215
main_b,tfim_N10_g1.00,method,RBM alpha=2 SR,mx_error,5,0.0011402191667551297,0.0006094835854041338,0.000683162360530809,0.0015972759729794505,0.0002862615268305335,0.0017605580782755759
main_b,tfim_N10_g1.00,method,RBM alpha=2 SR,infidelity,5,0.00011038265488645393,1.6586454371481883e-05,9.755101436714764e-05,0.00012321429540576023,9.11816611433025e-05,0.00012514140974428933
main_b,tfim_N10_g1.00,method,RBM alpha=2 SR,mc_energy_error,5,6.177643092432682e-05,4.721667935705177e-05,2.491676119153993e-05,0.00010362588345986016,3.890364000784984e-06,0.00013575704943963746
main_b,tfim_N10_g1.00,method,RBM alpha=2 SR,n_params,5,230.0,0.0,230.0,230.0,230.0,230.0
main_b,tfim_N10_g1.00,method,RBM alpha=2 SR,runtime_s,5,1.4409015655517579,0.04651428601379808,1.4071678161621093,1.4808578491210938,1.401339054107666,1.5100648403167725
main_b,tfim_N10_g1.00,baseline,RBM alpha=4 SR,energy,5,-12.784530107592325,0.00011466578375029675,-12.784600164610703,-12.784429251537905,-12.784624508928065,-12.784331915425756
main_b,tfim_N10_g1.00,baseline,RBM alpha=4 SR,rel_energy_error,5,2.9435914034587773e-05,8.968840269653644e-06,2.395624793830123e-05,3.73245954943022e-05,2.2052102806989252e-05,4.493795681079633e-05
main_b,tfim_N10_g1.00,baseline,RBM alpha=4 SR,mz_error,5,0.0012995779065593904,0.0007990782612426777,0.0006920798265800832,0.0019221698315658343,0.00041735347048232896,0.0023933670443125887
main_b,tfim_N10_g1.00,baseline,RBM alpha=4 SR,mx_error,5,0.0008651472137106043,0.0008439331168588911,0.0004541238873760012,0.001623664243549694,0.00040086783513448854,0.0023708936166692007
main_b,tfim_N10_g1.00,baseline,RBM alpha=4 SR,infidelity,5,6.831495780421638e-05,2.367097995758189e-05,5.376420236298251e-05,8.84820367804684e-05,4.784024567061618e-05,0.000108383101690257
main_b,tfim_N10_g1.00,baseline,RBM alpha=4 SR,mc_energy_error,5,1.576413343466608e-05,7.36974398471258e-05,-4.22898861314886e-05,7.381815300082076e-05,-5.8154784488033256e-05,0.00010389319985258392
main_b,tfim_N10_g1.00,baseline,RBM alpha=4 SR,n_params,5,450.0,0.0,450.0,450.0,450.0,450.0
main_b,tfim_N10_g1.00,baseline,RBM alpha=4 SR,runtime_s,5,2.9957802295684814,0.2188829654977721,2.8547183990478517,3.193680429458618,2.846527099609375,3.3559112548828125
main_b,tfim_N10_g1.25,baseline,Mean-field SGD,energy,5,-13.900210491644014,0.0014987049121681542,-13.901337410320625,-13.899007414078662,-13.901720577780566,-13.898062040926622
main_b,tfim_N10_g1.25,baseline,Mean-field SGD,rel_energy_error,5,0.04882135528011726,0.00010255500145524257,0.04874424126949273,0.048903680773590676,0.04871802147192324,0.04896837179061181
main_b,tfim_N10_g1.25,baseline,Mean-field SGD,mz_error,5,0.2649680069956208,0.007132905147910741,0.2594453750522504,0.2707540963479582,0.25648421747374395,0.2753320862999237
main_b,tfim_N10_g1.25,baseline,Mean-field SGD,mx_error,5,0.17135220370077323,0.008875588131249449,0.16448272598532515,0.1786130635125519,0.16076504721443896,0.18431560975981687
main_b,tfim_N10_g1.25,baseline,Mean-field SGD,infidelity,5,0.6454334802887264,0.0057410228795298,0.6409557236258434,0.6501612916691941,0.6384813250604452,0.6538239384660298
main_b,tfim_N10_g1.25,baseline,Mean-field SGD,mc_energy_error,5,0.0477281744532521,0.0007099607229774914,0.047143213844278366,0.048239908215135005,0.046743822695814494,0.04828523233259525
main_b,tfim_N10_g1.25,baseline,Mean-field SGD,n_params,5,10.0,0.0,10.0,10.0,10.0,10.0
main_b,tfim_N10_g1.25,baseline,Mean-field SGD,runtime_s,5,0.3125655174255371,0.012778380727448326,0.3036523342132568,0.32379965782165526,0.30148768424987793,0.3324861526489258
main_b,tfim_N10_g1.25,baseline,Jastrow SGD,energy,5,-14.61096180881859,8.21698922403678e-05,-14.611020852931611,-14.610890337629225,-14.61105392063212,-14.610841387368088
main_b,tfim_N10_g1.25,baseline,Jastrow SGD,rel_energy_error,5,0.00018529505574988518,5.622810301303727e-06,0.0001812547212930897,0.00019018576363383967,0.00017899192890029558,0.00019353538507129342
main_b,tfim_N10_g1.25,baseline,Jastrow SGD,mz_error,5,0.007448284150374041,0.0024793698971416534,0.00566752941092159,0.009546945391394312,0.0053911548119336405,0.011230565849694174
main_b,tfim_N10_g1.25,baseline,Jastrow SGD,mx_error,5,0.0027561538914296245,0.0015505723165613698,0.0016514187964747462,0.004050186144014645,0.0014457355586869891,0.005038521336110491
main_b,tfim_N10_g1.25,baseline,Jastrow SGD,infidelity,5,0.00047197233417439755,0.00010535719232976002,0.00040393215879470646,0.0005651407521749085,0.0003920675881045055,0.0006483803704225855
main_b,tfim_N10_g1.25,baseline,Jastrow SGD,mc_energy_error,5,0.00015126341680391701,0.0001944564823802398,1.6238901336612856e-05,0.0003193854319974932,-5.200111089448561e-05,0.00046955389459167596
main_b,tfim_N10_g1.25,baseline,Jastrow SGD,n_params,5,55.0,0.0,55.0,55.0,55.0,55.0
main_b,tfim_N10_g1.25,baseline,Jastrow SGD,runtime_s,5,0.43641018867492676,0.014977240855987978,0.42406673431396485,0.4476919174194336,0.4154951572418213,0.45187973976135254
main_b,tfim_N10_g1.25,baseline,RBM alpha=1 SGD,energy,5,-14.27923011978387,0.028439325647976958,-14.30406049229568,-14.260466826001945,-14.326373899848996,-14.255249511378512
main_b,tfim_N10_g1.25,baseline,RBM alpha=1 SGD,rel_energy_error,5,0.022885390034625457,0.001946076949184251,0.021186270435834206,0.02416934500499839,0.019659384438790103,0.024526361055623946
main_b,tfim_N10_g1.25,baseline,RBM alpha=1 SGD,mz_error,5,0.13118410102752434,0.006135250329853411,0.12649173913801381,0.13577172626954048,0.12392735416380163,0.13679545828252382
main_b,tfim_N10_g1.25,baseline,RBM alpha=1 SGD,mx_error,5,0.08042359279394809,0.003979841974994839,0.0773507756223147,0.08349640996558147,0.07576763195265646,0.08408638279949032
main_b,tfim_N10_g1.25,baseline,RBM alpha=1 SGD,infidelity,5,0.42605350638532624,0.015790093005739966,0.4137967538905773,0.4370781490134349,0.40314652521423067,0.4449827813497125
main_b,tfim_N10_g1.25,baseline,RBM alpha=1 SGD,mc_energy_error,5,0.0245885615781782,0.0015402952538088736,0.023397071282389187,0.02577091849528108,0.022732979117406772,0.026247360038214276
main_b,tfim_N10_g1.25,baseline,RBM alpha=1 SGD,n_params,5,120.0,0.0,120.0,120.0,120.0,120.0
main_b,tfim_N10_g1.25,baseline,RBM alpha=1 SGD,runtime_s,5,0.7192630290985107,0.029723901110719115,0.6966835021972656,0.7427053928375245,0.6923151016235352,0.7571220397949219
main_b,tfim_N10_g1.25,baseline,RBM alpha=2 SGD,energy,5,-14.462870441143611,0.058083231187802065,-14.515208430916221,-14.427033958165172,-14.562296379094661,-14.423484291891379
main_b,tfim_N10_g1.25,baseline,RBM alpha=2 SGD,rel_energy_error,5,0.01031905141033743,0.0039745821946642786,0.006737610812066902,0.012771309045677675,0.003515425740989146,0.01301420945049903
main_b,tfim_N10_g1.25,baseline,RBM alpha=2 SGD,mz_error,5,0.03958527666560565,0.02377745991124438,0.019701024955421677,0.05732224384959763,0.00551794317310772,0.06302188153572585
main_b,tfim_N10_g1.25,baseline,RBM alpha=2 SGD,mx_error,5,0.024843960362583385,0.014536937177359021,0.013265006920960665,0.035986169654137055,0.005585226962616985,0.039659969259662975
main_b,tfim_N10_g1.25,baseline,RBM alpha=2 SGD,infidelity,5,0.20932406004410348,0.10892092031187962,0.11211933919153563,0.27867778512979624,0.025170890357865794,0.287221915330624
main_b,tfim_N10_g1.25,baseline,RBM alpha=2 SGD,mc_energy_error,5,0.013512295368874406,0.0037725118753616487,0.010131361611446435,0.01588184806805734,0.007128640665248757,0.01621337996656142
main_b,tfim_N10_g1.25,baseline,RBM alpha=2 SGD,n_params,5,230.0,0.0,230.0,230.0,230.0,230.0
main_b,tfim_N10_g1.25,baseline,RBM alpha=2 SGD,runtime_s,5,1.1579499244689941,0.06436313850349641,1.1212719440460206,1.2149468421936036,1.1126997470855713,1.270482063293457
main_b,tfim_N10_g1.25,baseline,RBM alpha=4 SGD,energy,5,-14.58345744449496,0.0003651251541692234,-14.583782559500756,-14.583257106690478,-14.584101642090822,-14.583229999360334
main_b,tfim_N10_g1.25,baseline,RBM alpha=4 SGD,rel_energy_error,5,0.0020673934597247715,2.4985179145070013e-05,0.00204514613830673,0.0020811023917918594,0.0020233116095600104,0.002082957321510669
main_b,tfim_N10_g1.25,baseline,RBM alpha=4 SGD,mz_error,5,0.005317930654713377,0.0052739742285586024,0.0012897976230748843,0.009534523788796778,0.00012413048127424275,0.012260048696309367
main_b,tfim_N10_g1.25,baseline,RBM alpha=4 SGD,mx_error,5,0.003663324096417142,0.003472589303402889,0.0012269130992849319,0.00651932910935229,0.0004025805231678836,0.00896128655792805
main_b,tfim_N10_g1.25,baseline,RBM alpha=4 SGD,infidelity,5,0.004636503698038008,0.0004152944274266722,0.004325539170550496,0.004954746259652532,0.0041772704649322145,0.0052146567538218225
main_b,tfim_N10_g1.25,baseline,RBM alpha=4 SGD,mc_energy_error,5,0.002212161678477417,0.000680404847364006,0.0016943000850964652,0.002753204021518284,0.001499120340271667,0.0031548256017801825
main_b,tfim_N10_g1.25,baseline,RBM alpha=4 SGD,n_params,5,450.0,0.0,450.0,450.0,450.0,450.0
main_b,tfim_N10_g1.25,baseline,RBM alpha=4 SGD,runtime_s,5,1.9693976879119872,0.08757218284429673,1.9029510021209717,2.039646577835083,1.8553438186645508,2.0980639457702637
main_b,tfim_N10_g1.25,baseline,Mean-field SR,energy,5,-13.884003923554687,0.004803990418330326,-13.888080218885321,-13.88080459713394,-13.891881443473915,-13.879775331566352
main_b,tfim_N10_g1.25,baseline,Mean-field SR,rel_energy_error,5,0.04993035585820412,0.00032873265466827346,0.04965141871042411,0.050149282828464134,0.049391304401030275,0.05021971452647464
main_b,tfim_N10_g1.25,baseline,Mean-field SR,mz_error,5,0.263843669850013,0.013788323780389024,0.25176054628589284,0.27167478239779247,0.2398347686656913,0.27410909034003306
main_b,tfim_N10_g1.25,baseline,Mean-field SR,mx_error,5,0.1713781797381642,0.016809679348873095,0.15662893299534392,0.1810209324522142,0.1420910226041161,0.18376993330864289
main_b,tfim_N10_g1.25,baseline,Mean-field SR,infidelity,5,0.6464765731327426,0.011014987791606846,0.6368201273850664,0.6527538622270372,0.6272265696451803,0.6544393356247229
main_b,tfim_N10_g1.25,baseline,Mean-field SR,mc_energy_error,5,0.048073290391571474,0.0005093855931308254,0.047672603428999906,0.04845075180242882,0.04733307652992031,0.048608186935983975
main_b,tfim_N10_g1.25,baseline,Mean-field SR,n_params,5,10.0,0.0,10.0,10.0,10.0,10.0
main_b,tfim_N10_g1.25,baseline,Mean-field SR,runtime_s,5,0.3389105319976807,0.014911751004867886,0.3271115779876709,0.3507094860076904,0.32213497161865234,0.353334903717041
main_b,tfim_N10_g1.25,baseline,Jastrow SR,energy,5,-14.610828244431337,9.165695438739074e-05,-14.610894578670658,-14.610748417840806,-14.61091498568367,-14.610693602088853
main_b,tfim_N10_g1.25,baseline,Jastrow SR,rel_energy_error,5,0.00019443474416941983,6.27200125534252e-06,0.00018989555306190756,0.00019989720448550943,0.0001884991198928059,0.0002036481960752977
main_b,tfim_N10_g1.25,baseline,Jastrow SR,mz_error,5,0.009818923870024376,0.0007940962895615449,0.00920248359658198,0.010435364143466774,0.008880676107279606,0.010777279455823019
main_b,tfim_N10_g1.25,baseline,Jastrow SR,mx_error,5,0.004937165058133219,0.0007989711705190695,0.00439142868263509,0.005607949466652595,0.004109125614471298,0.006176024882512676
main_b,tfim_N10_g1.25,baseline,Jastrow SR,infidelity,5,0.0005460801900873502,4.364755404983828e-05,0.0005116225070881831,0.0005805378730865174,0.0004981840917956948,0.0005972998884292702
main_b,tfim_N10_g1.25,baseline,Jastrow SR,mc_energy_error,5,0.00017648702016435816,0.00011734930779771636,9.211227874805917e-05,0.00027007148197990866,4.29325722924559e-05,0.00035837592285529936
main_b,tfim_N10_g1.25,baseline,Jastrow SR,n_params,5,55.0,0.0,55.0,55.0,55.0,55.0
main_b,tfim_N10_g1.25,baseline,Jastrow SR,runtime_s,5,0.46062378883361815,0.013736189253091067,0.45145478248596194,0.47310237884521483,0.4472188949584961,0.4838850498199463
main_b,tfim_N10_g1.25,baseline,RBM alpha=1 SR,energy,5,-14.613393980175553,8.639518903909616e-05,-14.613458803832495,-14.613329094784888,-14.613510634635809,-14.613283632655001
main_b,tfim_N10_g1.25,baseline,RBM alpha=1 SR,rel_energy_error,5,1.8863802321942576e-05,5.911943481917657e-06,1.4427978980730992e-05,2.330385004555535e-05,1.088124468639129e-05,2.641478186334785e-05
main_b,tfim_N10_g1.25,baseline,RBM alpha=1 SR,mz_error,5,0.0008522094487898091,0.00028945136941527374,0.000604398412509477,0.0010607551905237544,0.00039107668487115,0.0011838717090693063
main_b,tfim_N10_g1.25,baseline,RBM alpha=1 SR,mx_error,5,0.00020540035024361192,0.00013666031644510876,0.00010315113655210429,0.00031228971735444146,4.190094159628455e-05,0.00041015417582968006
main_b,tfim_N10_g1.25,baseline,RBM alpha=1 SR,infidelity,5,3.6301722352227726e-05,1.1615410794962042e-05,2.7249705906884358e-05,4.47222016612292e-05,1.9175913879676543e-05,5.0389702576203454e-05
main_b,tfim_N10_g1.25,baseline,RBM alpha=1 SR,mc_energy_error,5,5.956432220418602e-05,7.648002694717729e-05,1.840577605329584e-06,0.00011728806680304246,-1.4095284528132412e-05,0.00014680016695116165
main_b,tfim_N10_g1.25,baseline,RBM alpha=1 SR,n_params,5,120.0,0.0,120.0,120.0,120.0,120.0
main_b,tfim_N10_g1.25,baseline,RBM alpha=1 SR,runtime_s,5,0.9048854351043701,0.011390472407341473,0.8967307567596435,0.9142153263092041,0.8924829959869385,0.9220201969146729
main_b,tfim_N10_g1.25,method,RBM alpha=2 SR,energy,5,-14.613582917816851,1.3512138024076254e-05,-14.613593621124,-14.613572651875907,-14.613600312165014,-14.613566640523961
main_b,tfim_N10_g1.25,method,RBM alpha=2 SR,rel_energy_error,5,5.934972955975988e-06,9.246232031644657e-07,5.202555471652158e-06,6.63746187251904e-06,4.744693676508497e-06,7.048813168657674e-06
main_b,tfim_N10_g1.25,method,RBM alpha=2 SR,mz_error,5,0.00022222836962921823,9.701010079941208e-05,0.0001415926842948334,0.0002894530145482133,6.878485651751198e-05,0.00031677322118783824
main_b,tfim_N10_g1.25,method,RBM alpha=2 SR,mx_error,5,0.00013160713193114404,0.0001316669692842903,4.0253592337879954e-05,0.00023800478788835733,1.3869936754673517e-07,0.0003358819250315337
main_b,tfim_N10_g1.25,method,RBM alpha=2 SR,infidelity,5,1.1817889134180248e-05,1.7332251648677647e-06,1.0520302731009678e-05,1.3156593339869183e-05,9.511434864717394e-06,1.3878827522240123e-05
main_b,tfim_N10_g1.25,method,RBM alpha=2 SR,mc_energy_error,5,1.009713008440713e-06,2.3614262863487194e-05,-1.294027851780501e-05,2.253880538096476e-05,-1.7346455721389e-05,4.198399671440111e-05
main_b,tfim_N10_g1.25,method,RBM alpha=2 SR,n_params,5,230.0,0.0,230.0,230.0,230.0,230.0
main_b,tfim_N10_g1.25,method,RBM alpha=2 SR,runtime_s,5,1.6171154975891113,0.05481070616269214,1.571689987182617,1.6579516410827637,1.5418100357055664,1.6661968231201172
main_b,tfim_N10_g1.50,baseline,Mean-field SGD,energy,5,-15.604366795140098,0.012819723058040312,-15.611144295722218,-15.592949118263624,-15.611964270136003,-15.581638974371678
main_b,tfim_N10_g1.50,baseline,Mean-field SGD,rel_energy_error,5,0.0668932878211094,0.0007665911594354408,0.06648800823700314,0.0675760397117052,0.06643897557586705,0.06825236136703715
main_b,tfim_N10_g1.50,baseline,Mean-field SGD,mz_error,5,0.23243152837390624,0.02901131121152244,0.21191766676243562,0.2555305277804346,0.2007583507777596,0.27785455853195645
main_b,tfim_N10_g1.50,baseline,Mean-field SGD,mx_error,5,0.11594431931734199,0.025595282981307872,0.09855396807286923,0.13638209916977279,0.08958826638403827,0.1567359114954643
main_b,tfim_N10_g1.50,baseline,Mean-field SGD,infidelity,5,0.5927907538252453,0.025796655449222643,0.5751324335334514,0.6133098975086956,0.5662902084497112,0.6336097897743874
main_b,tfim_N10_g1.50,baseline,Mean-field SGD,mc_energy_error,5,0.0656863708058568,0.0012083378367821727,0.06476594619683249,0.06660679541488113,0.06433559216572186,0.06718761699123273
main_b,tfim_N10_g1.50,baseline,Mean-field SGD,n_params,5,10.0,0.0,10.0,10.0,10.0,10.0
main_b,tfim_N10_g1.50,baseline,Mean-field SGD,runtime_s,5,0.3251026153564453,0.009612176338670416,0.318314266204834,0.3331783294677734,0.3138906955718994,0.3402061462402344
main_b,tfim_N10_g1.50,baseline,Jastrow SGD,energy,5,-16.722497063960706,4.675269793390993e-06,-16.72250049821965,-16.722493521852375,-16.72250183103602,-16.72249071724691
main_b,tfim_N10_g1.50,baseline,Jastrow SGD,rel_energy_error,5,3.1564264864188475e-05,2.7957082015106485e-07,3.135890375543569e-05,3.177607512848294e-05,3.1279204275911924e-05,3.1943784348873186e-05
main_b,tfim_N10_g1.50,baseline,Jastrow SGD,mz_error,5,0.001480464730799469,0.00045006257590103193,0.00113040189139062,0.0018308530132791433,0.000918396168861968,0.0021332536117689704
main_b,tfim_N10_g1.50,baseline,Jastrow SGD,mx_error,5,0.0003010652171129946,0.00027278312207826315,0.00010439422208217142,0.0005072967235334013,2.2932513664253307e-05,0.0007114713323732591
main_b,tfim_N10_g1.50,baseline,Jastrow SGD,infidelity,5,5.8132768048069214e-05,1.606382420657064e-06,5.7087427708890634e-05,5.954592635166733e-05,5.689542623332766e-05,6.081620144648969e-05
main_b,tfim_N10_g1.50,baseline,Jastrow SGD,mc_energy_error,5,2.35033560955266e-05,1.4052614284801152e-05,1.2894321157083465e-05,3.447671233724949e-05,9.88912817484707e-06,4.037452393548643e-05
main_b,tfim_N10_g1.50,baseline,Jastrow SGD,n_params,5,55.0,0.0,55.0,55.0,55.0,55.0
main_b,tfim_N10_g1.50,baseline,Jastrow SGD,runtime_s,5,0.45692105293273927,0.008357321638839036,0.4514120101928711,0.46444134712219237,0.4490480422973633,0.47092413902282715
main_b,tfim_N10_g1.50,baseline,RBM alpha=1 SGD,energy,5,-16.683565170728688,0.002226223519069093,-16.68547315106668,-16.682135975229098,-16.6872572376988,-16.681497394080544
main_b,tfim_N10_g1.50,baseline,RBM alpha=1 SGD,rel_energy_error,5,0.0023596055990352813,0.0001331232555433439,0.002245512583697264,0.002445068337202508,0.0021388281386690348,0.0024832540812182603
main_b,tfim_N10_g1.50,baseline,RBM alpha=1 SGD,mz_error,5,0.003264157272141377,0.0021552601095808786,0.0014645424632009352,0.004845585846035938,0.0004871551877579927,0.005834512416882265
main_b,tfim_N10_g1.50,baseline,RBM alpha=1 SGD,mx_error,5,0.000705754374184564,0.0005407540324907923,0.00036047910009613383,0.0011635864695239916,0.0002646295349345573,0.00161476669642302
main_b,tfim_N10_g1.50,baseline,RBM alpha=1 SGD,infidelity,5,0.004722881606460327,0.0003002243518157526,0.004506932108651407,0.004960886191383218,0.004360288219039221,0.005173180855803872
main_b,tfim_N10_g1.50,baseline,RBM alpha=1 SGD,mc_energy_error,5,0.0025427490695328803,0.0003967431004049418,0.002265828966699295,0.002855398433808918,0.002130529909770307,0.0031381339346119113
main_b,tfim_N10_g1.50,baseline,RBM alpha=1 SGD,n_params,5,120.0,0.0,120.0,120.0,120.0,120.0
main_b,tfim_N10_g1.50,baseline,RBM alpha=1 SGD,runtime_s,5,0.8283151626586914,0.025140948213419407,0.8075201511383057,0.8448712348937988,0.7877209186553955,0.8538601398468018
main_b,tfim_N10_g1.25,baseline,RBM alpha=4 SR,energy,5,-14.6135892347572,9.207102079030485e-06,-14.61359651113259,-14.61358195838181,-14.613599041217588,-14.613580623361639
main_b,tfim_N10_g1.25,baseline,RBM alpha=4 SR,rel_energy_error,5,5.502710526658068e-06,6.3003354409155e-07,5.004794837659679e-06,6.000626215656456e-06,4.8316634431868075e-06,6.091980420755098e-06
main_b,tfim_N10_g1.25,baseline,RBM alpha=4 SR,mz_error,5,0.00025655585505304226,0.0002161366029325245,8.508199196184396e-05,0.0004280297181442405,3.891334490080389e-06,0.0004657138950886486
main_b,tfim_N10_g1.25,baseline,RBM alpha=4 SR,mx_error,5,0.0002805403384980476,0.00017866227016262283,0.00016607498994978265,0.00043420568255994054,0.00011693030800885573,0.0005813857915011322
main_b,tfim_N10_g1.25,baseline,RBM alpha=4 SR,infidelity,5,1.0711627573201098e-05,1.3534847183314485e-06,9.62572662190908e-06,1.171780696029856e-05,9.05856353772272e-06,1.2052924226235717e-05
main_b,tfim_N10_g1.25,baseline,RBM alpha=4 SR,mc_energy_error,5,-1.1025533838046057e-06,3.14061268955668e-05,-2.4940430729823135e-05,2.2735323962213926e-05,-3.5776309236659674e-05,2.654861428399414e-05
main_b,tfim_N10_g1.25,baseline,RBM alpha=4 SR,n_params,5,450.0,0.0,450.0,450.0,450.0,450.0
main_b,tfim_N10_g1.25,baseline,RBM alpha=4 SR,runtime_s,5,3.196473264694214,0.08893609279851537,3.1300972938537597,3.2696890830993652,3.090728998184204,3.313286066055298
main_b,tfim_N10_g1.50,baseline,RBM alpha=2 SGD,energy,5,-16.691796156311575,0.0009487097472638815,-16.692583427239274,-16.691119264887085,-16.693169437222537,-16.690623013535127
main_b,tfim_N10_g1.50,baseline,RBM alpha=2 SGD,rel_energy_error,5,0.0018674108181719333,5.673075009693515e-05,0.0018203337533620214,0.0019078874321793355,0.001785291649059857,0.0019375621683286317
main_b,tfim_N10_g1.50,baseline,RBM alpha=2 SGD,mz_error,5,0.0035393717141977256,0.0026267315450580536,0.0015716646684338365,0.005507078759961615,0.0001613283613316474,0.006324636013840534
main_b,tfim_N10_g1.50,baseline,RBM alpha=2 SGD,mx_error,5,0.001440578368107115,0.0015778763774641697,0.0002826234052744736,0.0027578344274897804,4.9532378519678844e-05,0.003562567553025753
main_b,tfim_N10_g1.50,baseline,RBM alpha=2 SGD,infidelity,5,0.003784028439639964,7.150880969409082e-05,0.003724431838238429,0.003837262513967965,0.0036879073864847234,0.003866185747865014
main_b,tfim_N10_g1.50,baseline,RBM alpha=2 SGD,mc_energy_error,5,0.0017935224281459751,0.0007018739592190602,0.0012501028175111888,0.002336942038780761,0.0011928775305708112,0.002566099998551464
main_b,tfim_N10_g1.50,baseline,RBM alpha=2 SGD,n_params,5,230.0,0.0,230.0,230.0,230.0,230.0
main_b,tfim_N10_g1.50,baseline,RBM alpha=2 SGD,runtime_s,5,1.3385243892669678,0.0395096034610006,1.303513240814209,1.359378957748413,1.2685270309448242,1.3618340492248535
main_b,tfim_N10_g1.50,baseline,RBM alpha=4 SGD,energy,5,-16.706854307478505,0.0020491159410615414,-16.708661528542738,-16.70560449367727,-16.710377075390983,-16.705108107327582
main_b,tfim_N10_g1.50,baseline,RBM alpha=4 SGD,rel_energy_error,5,0.0009669665956454773,0.00012253261306571415,0.0008588987626098759,0.0010417027039562846,0.0007563128454644701,0.0010713855126732459
main_b,tfim_N10_g1.50,baseline,RBM alpha=4 SGD,mz_error,5,0.0016526346312670027,0.0023548307087875343,0.00036207020357253983,0.0037692573011700705,0.00018833582351723832,0.005807675537610635
main_b,tfim_N10_g1.50,baseline,RBM alpha=4 SGD,mx_error,5,0.0017694996719572087,0.001923013424335023,0.0004420527985836475,0.0033706295439457578,4.294469754917429e-06,0.004841647712635289
main_b,tfim_N10_g1.50,baseline,RBM alpha=4 SGD,infidelity,5,0.0019140530363233265,0.0002451862857425893,0.0016957369629013509,0.002061762412685253,0.0014930088103388695,0.0020927013200008338
main_b,tfim_N10_g1.50,baseline,RBM alpha=4 SGD,mc_energy_error,5,0.0011874758651327579,0.00057444135857369,0.0007400577852585335,0.0016348939450069825,0.0006211200644605517,0.0019366669567613948
main_b,tfim_N10_g1.50,baseline,RBM alpha=4 SGD,n_params,5,450.0,0.0,450.0,450.0,450.0,450.0
main_b,tfim_N10_g1.50,baseline,RBM alpha=4 SGD,runtime_s,5,2.150175189971924,0.07808006793224156,2.082281064987183,2.2054869651794435,2.0303380489349365,2.2108538150787354
main_b,tfim_N10_g2.00,baseline,Mean-field SGD,energy,5,-19.88892287589776,0.061168695507892536,-19.932505876976627,-19.83604995433107,-19.93724680294485,-19.80017039463216
main_b,tfim_N10_g2.00,baseline,Mean-field SGD,rel_energy_error,5,0.06498389229215977,0.002875656763527331,0.06293497248462392,0.06746954893806735,0.06271209253414248,0.06915631530873925
main_b,tfim_N10_g2.00,baseline,Mean-field SGD,mz_error,5,0.09076166087538148,0.01226116100600144,0.07983922633943666,0.09781739937276297,0.06949356880004232,0.09929408960121167
main_b,tfim_N10_g2.00,baseline,Mean-field SGD,mx_error,5,0.05594560596800198,0.004651836138303945,0.05221043639247234,0.05936312469651406,0.049887864281387584,0.0617691709078112
main_b,tfim_N10_g2.00,baseline,Mean-field SGD,infidelity,5,0.1901416384190467,0.013127915046902163,0.18008814927934574,0.20019512755874763,0.17201114783228721,0.20269781078785132
main_b,tfim_N10_g2.00,baseline,Mean-field SGD,mc_energy_error,5,0.0643176703284126,0.002401561633071855,0.06219105804266835,0.06584453474012127,0.06021128356200798,0.06644978723648291
main_b,tfim_N10_g2.00,baseline,Mean-field SGD,n_params,5,10.0,0.0,10.0,10.0,10.0,10.0
main_b,tfim_N10_g2.00,baseline,Mean-field SGD,runtime_s,5,0.34778947830200196,0.0029603211474460555,0.3455060958862305,0.35007286071777344,0.3449897766113281,0.3512997627258301
main_b,tfim_N10_g2.00,baseline,Jastrow SGD,energy,5,-21.27115518819759,1.3321009684071031e-06,-21.271156235788602,-21.271154140606573,-21.271156421242736,-21.271153676222255
main_b,tfim_N10_g2.00,baseline,Jastrow SGD,rel_energy_error,5,2.5212717721170477e-06,6.262460177373384e-08,2.4720225247396954e-06,2.5705210194944003e-06,2.463303973105552e-06,2.5923526092994536e-06
main_b,tfim_N10_g2.00,baseline,Jastrow SGD,mz_error,5,0.00018434736537943365,0.0002010032037845722,5.545554647559126e-05,0.0003534665039172435,1.5995908162480532e-06,0.0005179250612671882
main_b,tfim_N10_g2.00,baseline,Jastrow SGD,mx_error,5,6.562679018766726e-05,6.870525988343925e-05,2.1580949582977737e-05,0.0001232744793710383,2.5676475413627387e-06,0.0001794077497544455
main_b,tfim_N10_g2.00,baseline,Jastrow SGD,infidelity,5,4.125150687439571e-06,3.240134672019327e-07,3.887345204134362e-06,4.3629561707447804e-06,3.740631349335999e-06,4.554858142880036e-06
main_b,tfim_N10_g2.00,baseline,Jastrow SGD,mc_energy_error,5,-2.451226160935506e-05,1.838182176484512e-05,-3.839858332847672e-05,-1.0625939890233389e-05,-4.309110504976573e-05,-2.1523371076903152e-07
main_b,tfim_N10_g2.00,baseline,Jastrow SGD,n_params,5,55.0,0.0,55.0,55.0,55.0,55.0
main_b,tfim_N10_g2.00,baseline,Jastrow SGD,runtime_s,5,0.47188377380371094,0.010620897676719405,0.4641681671142578,0.4796002864837646,0.45857787132263184,0.48653388023376465
main_b,tfim_N10_g2.00,baseline,RBM alpha=1 SGD,energy,5,-21.25845255054635,0.004687419570836836,-21.261589116944997,-21.25448160082339,-21.262586601251257,-21.250783422303194
main_b,tfim_N10_g2.00,baseline,RBM alpha=1 SGD,rel_energy_error,5,0.000599696437485449,0.0002203645129343697,0.0004522404830359432,0.0007863783396203524,0.00040534684785235045,0.0009602367485021124
main_b,tfim_N10_g2.00,baseline,RBM alpha=1 SGD,mz_error,5,0.0010735321808127863,0.0007326603685571903,0.0006296472183155433,0.0017461220182874659,0.00047011453571843553,0.002349599595410201
main_b,tfim_N10_g2.00,baseline,RBM alpha=1 SGD,mx_error,5,0.0015775537649680427,0.0006115984706208735,0.001032261170183113,0.00190788041234633,0.0004977224457090035,0.0019710474173105785
main_b,tfim_N10_g2.00,baseline,RBM alpha=1 SGD,infidelity,5,0.0011746900346299104,0.0004766088696095522,0.000868661956999528,0.001592157070098854,0.000804179771557112,0.00197707461105201
main_b,tfim_N10_g2.00,baseline,RBM alpha=1 SGD,mc_energy_error,5,0.000669342205272022,0.0005522529647418394,0.00020370352279462292,0.00102930982178361,-0.0002454989832262565,0.0011953352980508993
main_b,tfim_N10_g2.00,baseline,RBM alpha=1 SGD,n_params,5,120.0,0.0,120.0,120.0,120.0,120.0
main_b,tfim_N10_g2.00,baseline,RBM alpha=1 SGD,runtime_s,5,0.8965343952178955,0.04576570496134854,0.8635097503662109,0.9345471382141113,0.8409669399261475,0.9634451866149902
main_b,tfim_N10_g1.50,baseline,Mean-field SR,energy,5,-15.574404710950603,0.02232076377122433,-15.59035011457035,-15.555830539103232,-15.596994616224203,-15.540148419047043
main_b,tfim_N10_g1.50,baseline,Mean-field SR,rel_energy_error,5,0.06868495436132449,0.0013347324354345026,0.06773145439933777,0.06979564886443931,0.06733412785775639,0.07073340505011044
main_b,tfim_N10_g1.50,baseline,Mean-field SR,mz_error,5,0.2283612010956376,0.03703604976148019,0.2020323615207164,0.2575827696995582,0.1934744650074618,0.2855449626559329
main_b,tfim_N10_g1.50,baseline,Mean-field SR,mx_error,5,0.1144537449400096,0.03235356894825041,0.0915341220790596,0.14003731073384473,0.08339672566961298,0.16467274359066164
main_b,tfim_N10_g1.50,baseline,Mean-field SR,infidelity,5,0.5926504416119216,0.03239005397199725,0.5692723203170594,0.6185687886815032,0.5592299713717981,0.641506369946625
main_b,tfim_N10_g1.50,baseline,Mean-field SR,mc_energy_error,5,0.0660116384889681,0.0009254668962044495,0.06530498764657607,0.06672312567058893,0.06470113520124417,0.06722604359439288
main_b,tfim_N10_g1.50,baseline,Mean-field SR,n_params,5,10.0,0.0,10.0,10.0,10.0,10.0
main_b,tfim_N10_g1.50,baseline,Mean-field SR,runtime_s,5,0.3444518089294434,0.011460576927799943,0.3356457233428955,0.35381507873535156,0.3306307792663574,0.3609130382537842
main_b,tfim_N10_g2.00,baseline,RBM alpha=2 SGD,energy,5,-21.266821173524214,0.0005725062304766773,-21.267267016024597,-21.266375331023838,-21.267459700469143,-21.266168529227492
main_b,tfim_N10_g2.00,baseline,RBM alpha=2 SGD,rel_energy_error,5,0.00020627154804020643,2.6914607221615644e-05,0.00018531164377797298,0.00022723145230243985,0.00017625318141237597,0.0002369535982376204
main_b,tfim_N10_g2.00,baseline,RBM alpha=2 SGD,mz_error,5,0.00047829872158303697,0.00014695405647518228,0.00038642813620289875,0.0006067659743611786,0.00036274350619652784,0.0007307335359951206
main_b,tfim_N10_g2.00,baseline,RBM alpha=2 SGD,mx_error,5,0.0008984192700676408,0.0002800734291359602,0.0006413994582312732,0.0010682394517350425,0.00041636696802105355,0.00114194144845281
main_b,tfim_N10_g2.00,baseline,RBM alpha=2 SGD,infidelity,5,0.0003861800547422689,4.795822278911988e-05,0.00034829794107600344,0.0004240621684085344,0.00032794913756539756,0.0004342817716082026
main_b,tfim_N10_g2.00,baseline,RBM alpha=2 SGD,mc_energy_error,5,0.0003028094235598462,0.00019978431393504985,0.00015309189140466344,0.00045252695571502906,6.949858831615093e-05,0.0004901082318877917
main_b,tfim_N10_g2.00,baseline,RBM alpha=2 SGD,n_params,5,230.0,0.0,230.0,230.0,230.0,230.0
main_b,tfim_N10_g2.00,baseline,RBM alpha=2 SGD,runtime_s,5,1.395039939880371,0.06811344041016848,1.3437225341796875,1.4488726615905763,1.3088269233703613,1.4905529022216797
main_b,tfim_N10_g1.50,baseline,Jastrow SR,energy,5,-16.72248138529744,1.0725992174157023e-05,-16.722491092826292,-16.722474508160204,-16.722499327714292,-16.72247412102187
main_b,tfim_N10_g1.50,baseline,Jastrow SR,rel_energy_error,5,3.250181434244057e-05,6.413906715718459e-07,3.192132553101223e-05,3.291305197883986e-05,3.142889739370767e-05,3.2936201997478556e-05
main_b,tfim_N10_g1.50,baseline,Jastrow SR,mz_error,5,0.002353847300334866,0.0004463239219586639,0.002008931458237162,0.002683539539283819,0.0017000444509169266,0.0027730779162570274
main_b,tfim_N10_g1.50,baseline,Jastrow SR,mx_error,5,0.000910485134656458,0.00036115136718409274,0.0005910574092003795,0.001125414176390138,0.0002876265261843036,0.0011782989340254346
main_b,tfim_N10_g1.50,baseline,Jastrow SR,infidelity,5,6.607485801866098e-05,5.793051933564904e-06,6.177259480175668e-05,7.084787669591197e-05,5.986319575268517e-05,7.345806975367353e-05
main_b,tfim_N10_g1.50,baseline,Jastrow SR,mc_energy_error,5,2.714920241668427e-05,2.6501111831550113e-05,6.9774461640902264e-06,4.96925307897532e-05,-4.213651777844233e-06,6.697815593159406e-05
main_b,tfim_N10_g1.50,baseline,Jastrow SR,n_params,5,55.0,0.0,55.0,55.0,55.0,55.0
main_b,tfim_N10_g1.50,baseline,Jastrow SR,runtime_s,5,0.4791541576385498,0.014042924338192054,0.46806607246398924,0.49024224281311035,0.46587181091308594,0.4943430423736572
main_b,tfim_N10_g1.50,baseline,RBM alpha=1 SR,energy,5,-16.72295333648169,3.0370580508445817e-05,-16.7229739209362,-16.722928867399066,-16.7229812852718,-16.722904452458415
main_b,tfim_N10_g1.50,baseline,RBM alpha=1 SR,rel_energy_error,5,4.280174615854404e-06,1.816093718908015e-06,3.0492696438071206e-06,5.7433717800387616e-06,2.6088986198736475e-06,7.20333137294663e-06
main_b,tfim_N10_g1.50,baseline,RBM alpha=1 SR,mz_error,5,0.00021403013186738207,0.00011483475230111982,0.00013551520457449895,0.0003119439870797325,9.452261343828594e-05,0.00039648020871668743
main_b,tfim_N10_g1.50,baseline,RBM alpha=1 SR,mx_error,5,6.67606999166459e-05,5.343141539912397e-05,2.8326137355305647e-05,0.00011176359737798957,7.686463053824255e-06,0.00014634052187179059
main_b,tfim_N10_g1.50,baseline,RBM alpha=1 SR,infidelity,5,7.3940544719208745e-06,3.0050680834442986e-06,5.264200266363872e-06,9.836849002198279e-06,4.480447121313347e-06,1.2174807988318825e-05
main_b,tfim_N10_g1.50,baseline,RBM alpha=1 SR,mc_energy_error,5,-7.985493223471841e-06,1.8688966467620148e-05,-2.273621179823973e-05,6.765225351296047e-06,-2.5545056823811617e-05,1.3007852573373946e-05
main_b,tfim_N10_g1.50,baseline,RBM alpha=1 SR,n_params,5,120.0,0.0,120.0,120.0,120.0,120.0
main_b,tfim_N10_g1.50,baseline,RBM alpha=1 SR,runtime_s,5,0.9230991840362549,0.04804792987217058,0.8797447204589843,0.95054931640625,0.8387949466705322,0.9595682621002197
main_b,tfim_N10_g2.00,baseline,RBM alpha=4 SGD,energy,5,-21.268799911652476,0.00013951142140872526,-21.26890408391025,-21.2686957393947,-21.268993587967696,-21.26865944942945
main_b,tfim_N10_g2.00,baseline,RBM alpha=4 SGD,rel_energy_error,5,0.00011324730362081662,6.558697373430591e-06,0.0001083499675706964,0.00011814463967093685,0.00010414221152854902,0.00011985069998729474
main_b,tfim_N10_g2.00,baseline,RBM alpha=4 SGD,mz_error,5,0.0008170383613424926,0.0005086425817416154,0.0003772444982001022,0.001172693438022454,3.586005307310014e-05,0.0013280229124070786
main_b,tfim_N10_g2.00,baseline,RBM alpha=4 SGD,mx_error,5,0.00023499887495010975,0.00014548308662252162,0.00012061230289814873,0.0003451656952174087,4.8238846129144974e-05,0.0003591193121614822
main_b,tfim_N10_g2.00,baseline,RBM alpha=4 SGD,infidelity,5,0.0002145406052795007,1.946410484030511e-05,0.00019963377665526137,0.00022944743390374,0.00019817001907407317,0.00023882323013357798
main_b,tfim_N10_g2.00,baseline,RBM alpha=4 SGD,mc_energy_error,5,9.173661246065009e-06,0.00014141797698651195,-0.00010282317723246922,0.00012036281281698857,-0.0001484013879981652,0.00014274648964021002
main_b,tfim_N10_g2.00,baseline,RBM alpha=4 SGD,n_params,5,450.0,0.0,450.0,450.0,450.0,450.0
main_b,tfim_N10_g2.00,baseline,RBM alpha=4 SGD,runtime_s,5,2.17156982421875,0.020233091043397735,2.1545293807983397,2.1863184928894044,2.1409389972686768,2.1887941360473633
main_b,tfim_N10_g1.50,method,RBM alpha=2 SR,energy,5,-16.72298442270508,1.4717414968742475e-05,-16.72299326351861,-16.722971276301205,-16.722994993803855,-16.722959138533117
main_b,tfim_N10_g1.50,method,RBM alpha=2 SR,rel_energy_error,5,2.421287031165265e-06,8.800689507474921e-07,1.8926258832543774e-06,3.2074129837651335e-06,1.7891586424181379e-06,3.933224741465977e-06
main_b,tfim_N10_g1.50,method,RBM alpha=2 SR,mz_error,5,0.00010530010301393889,6.991228031390405e-05,4.978029624420621e-05,0.0001551941174180893,1.9150068867324066e-06,0.00018648165459395072
main_b,tfim_N10_g1.50,method,RBM alpha=2 SR,mx_error,5,8.191918436584178e-05,4.208598545269111e-05,5.069077391222088e-05,0.00011514186605170451,4.112760080277056e-05,0.00014235133637696684
main_b,tfim_N10_g1.50,method,RBM alpha=2 SR,infidelity,5,5.007952350677414e-06,2.432874817969159e-06,3.5823444706650777e-06,7.1963264068442e-06,3.396356786367072e-06,9.241079299893151e-06
main_b,tfim_N10_g1.50,method,RBM alpha=2 SR,mc_energy_error,5,3.919648171847674e-06,1.4442790405713797e-05,-7.098004091420825e-06,1.422760956238733e-05,-1.7876006397900005e-05,1.8978823804420852e-05
main_b,tfim_N10_g1.50,method,RBM alpha=2 SR,n_params,5,230.0,0.0,230.0,230.0,230.0,230.0
main_b,tfim_N10_g1.50,method,RBM alpha=2 SR,runtime_s,5,1.6647677421569824,0.07255551874515798,1.6065582752227783,1.7147412776947022,1.548884391784668,1.7340221405029297
main_b,tfim_N10_g1.50,baseline,RBM alpha=4 SR,energy,5,-16.722978148823444,1.385399389848814e-05,-16.722988326301028,-16.722966640154407,-16.72299011000836,-16.722959108701602
main_b,tfim_N10_g1.50,baseline,RBM alpha=4 SR,rel_energy_error,5,2.7964513139693057e-06,8.284382733160954e-07,2.187860605848458e-06,3.48464433454034e-06,2.081198842415018e-06,3.935008598134403e-06
main_b,tfim_N10_g1.50,baseline,RBM alpha=4 SR,mz_error,5,2.9245065736660526e-05,2.7866167422927664e-05,1.3782309541965354e-05,5.427434984927038e-05,9.963068985929802e-06,7.821442980732174e-05
main_b,tfim_N10_g1.50,baseline,RBM alpha=4 SR,mx_error,5,0.00010909666159550913,0.00010593311205083502,3.2858805571978064e-05,0.00019863943127682582,2.1631186641002387e-05,0.00026903725338944806
main_b,tfim_N10_g1.50,baseline,RBM alpha=4 SR,infidelity,5,5.601456762205359e-06,1.5898761343314868e-06,4.42518255874269e-06,6.913687527743129e-06,4.238600143868787e-06,7.745187788343877e-06
main_b,tfim_N10_g1.50,baseline,RBM alpha=4 SR,mc_energy_error,5,4.891692825112132e-06,1.3653093500199397e-05,-6.9489205811638235e-06,1.4204566813150204e-05,-1.6568052917714635e-05,1.6973038691900563e-05
main_b,tfim_N10_g1.50,baseline,RBM alpha=4 SR,n_params,5,450.0,0.0,450.0,450.0,450.0,450.0
main_b,tfim_N10_g1.50,baseline,RBM alpha=4 SR,runtime_s,5,3.2301796436309815,0.033103866811465016,3.206637716293335,3.257313680648804,3.1907031536102295,3.279426097869873
main_b,tfim_N8_g0.50,baseline,Mean-field SGD,energy,5,-8.499898636083227,1.4800986397081745e-05,-8.499910335242614,-8.499886936923836,-8.499915886231303,-8.499882243776769
main_b,tfim_N8_g0.50,baseline,Mean-field SGD,rel_energy_error,5,0.001079270220133646,1.7394339349810061e-06,0.001077895317521965,0.001080645122745327,0.0010772429570756214,0.0010811966683691502
main_b,tfim_N8_g0.50,baseline,Mean-field SGD,mz_error,5,0.0042091740090428155,0.0004336466477721766,0.0038744106016570965,0.004543937416428534,0.0038196861526634818,0.004781931921769456
main_b,tfim_N8_g0.50,baseline,Mean-field SGD,mx_error,5,0.010380712267202446,0.0016767858364109102,0.009086486313560727,0.011674938220844167,0.00887701499812854,0.012594982463746962
main_b,tfim_N8_g0.50,baseline,Mean-field SGD,infidelity,5,0.5015001368431551,3.262834321394608e-05,0.5014750560386829,0.5015253481146793,0.5014718428174418,0.5015428828585919
main_b,tfim_N8_g0.50,baseline,Mean-field SGD,mc_energy_error,5,0.001201280355912679,0.00020322152508649854,0.0010414285869773238,0.0013611321248480342,0.0009485179741513284,0.0014098414984843436
main_b,tfim_N8_g0.50,baseline,Mean-field SGD,n_params,5,8.0,0.0,8.0,8.0,8.0,8.0
main_b,tfim_N8_g0.50,baseline,Mean-field SGD,runtime_s,5,0.283159875869751,0.012412824011633967,0.2735546588897705,0.29218544960021975,0.2672450542449951,0.29879307746887207
main_b,tfim_N8_g0.50,baseline,Jastrow SGD,energy,5,-8.506582563656513,7.634030097802559e-05,-8.506636374241456,-8.506517073250748,-8.506644700431046,-8.50646312381238
main_b,tfim_N8_g0.50,baseline,Jastrow SGD,rel_energy_error,5,0.0002937651105828846,8.971625713166824e-06,0.000287441210607052,0.0003014616404733651,0.0002864627044227428,0.00030780185871036173
main_b,tfim_N8_g0.50,baseline,Jastrow SGD,mz_error,5,0.0011838793081536236,0.0005783643475258721,0.0007262703237235213,0.0016138572529145856,0.0003697265532863758,0.0019480050992856102
main_b,tfim_N8_g0.50,baseline,Jastrow SGD,mx_error,5,0.0024534518870508505,0.0015663590204763355,0.001330132350483848,0.003733671612141709,0.0008596219886993217,0.004945911418511639
main_b,tfim_N8_g0.50,baseline,Jastrow SGD,infidelity,5,0.49954553110746563,4.006113280670225e-05,0.49951357384057254,0.49957590435438687,0.49949350990657737,0.4995973940962679
main_b,tfim_N8_g0.50,baseline,Jastrow SGD,mc_energy_error,5,0.0002629861035729393,0.00031567918161473147,3.258118271372294e-05,0.0005087557246579472,-0.00015086840646710964,0.0006736617574392115
main_b,tfim_N8_g0.50,baseline,Jastrow SGD,n_params,5,36.0,0.0,36.0,36.0,36.0,36.0
main_b,tfim_N8_g0.50,baseline,Jastrow SGD,runtime_s,5,0.3737316608428955,0.01572431774208318,0.3610670566558838,0.38556628227233886,0.3538680076599121,0.3926260471343994
main_b,tfim_N8_g0.50,baseline,RBM alpha=1 SGD,energy,5,-8.501217851555861,1.579286234589472e-05,-8.501228277011487,-8.50120467271786,-8.501231597207815,-8.50119177592769
main_b,tfim_N8_g0.50,baseline,RBM alpha=1 SGD,rel_energy_error,5,0.0009242340556946376,1.8560006719498618e-06,0.0009230088406435363,0.0009257828523373673,0.0009226186462324167,0.0009272985023001961
main_b,tfim_N8_g0.50,baseline,RBM alpha=1 SGD,mz_error,5,0.004032188645144053,0.00043364556649152396,0.0036893607928194074,0.004351214439628026,0.0035275247101173024,0.0045138429209794495
main_b,tfim_N8_g0.50,baseline,RBM alpha=1 SGD,mx_error,5,0.009911497683012171,0.0016970774999635447,0.008570601782776244,0.011152911989328329,0.007939701965483381,0.011811741885354138
main_b,tfim_N8_g0.50,baseline,RBM alpha=1 SGD,infidelity,5,0.5011598391652171,2.1045638118651997e-05,0.5011441552769023,0.501175523053532,0.5011359108503564,0.5011844151111857
main_b,tfim_N8_g0.50,baseline,RBM alpha=1 SGD,mc_energy_error,5,0.0010267787965229393,0.0003380329476567673,0.0007334589362211734,0.0012715758290770302,0.0005520559184097421,0.0013659393281396598
main_b,tfim_N8_g0.50,baseline,RBM alpha=1 SGD,n_params,5,80.0,0.0,80.0,80.0,80.0,80.0
main_b,tfim_N8_g0.50,baseline,RBM alpha=1 SGD,runtime_s,5,0.524455213546753,0.037105856660936874,0.49143261909484864,0.5479640007019043,0.46201300621032715,0.5597429275512695
main_b,tfim_N8_g0.50,baseline,RBM alpha=2 SGD,energy,5,-8.501191079096499,0.00017184875365188165,-8.50130213337092,-8.50103877623476,-8.501324307581415,-8.500902228470178
main_b,tfim_N8_g0.50,baseline,RBM alpha=2 SGD,rel_energy_error,5,0.0009273803949372314,2.0195921122961223e-05,0.0009143291314340437,0.0009452792537717528,0.0009117231852363033,0.0009613265501552823
main_b,tfim_N8_g0.50,baseline,RBM alpha=2 SGD,mz_error,5,0.003764769244518762,0.00111380545900979,0.002994640320573638,0.004761894567983327,0.0027674007252829202,0.005477646296665584
main_b,tfim_N8_g0.50,baseline,RBM alpha=2 SGD,mx_error,5,0.009012564973351867,0.0043439788749499225,0.006006193004030547,0.012881414411430597,0.005122548507756952,0.015716263157762894
main_b,tfim_N8_g0.50,baseline,RBM alpha=2 SGD,infidelity,5,0.5010996057269436,8.822752649043578e-05,0.5010404559949114,0.5011793773161379,0.5010098367718968,0.5012413723072745
main_b,tfim_N8_g0.50,baseline,RBM alpha=2 SGD,mc_energy_error,5,0.0009271022239455355,0.0005384960440067976,0.0005216783028906523,0.0013688626326038855,0.00040995787946408594,0.0016526407383085648
main_b,tfim_N8_g0.50,baseline,RBM alpha=2 SGD,n_params,5,152.0,0.0,152.0,152.0,152.0,152.0
main_b,tfim_N8_g0.50,baseline,RBM alpha=2 SGD,runtime_s,5,0.75241060256958,0.04681426366632617,0.710090970993042,0.780681562423706,0.6717069149017334,0.791942834854126
main_b,tfim_N8_g0.50,baseline,RBM alpha=4 SGD,energy,5,-8.50128998527775,3.720145585591069e-05,-8.501319019703061,-8.501260950852444,-8.501333593069859,-8.501249391751688
main_b,tfim_N8_g0.50,baseline,RBM alpha=4 SGD,rel_energy_error,5,0.0009157567934116881,4.37197042224251e-06,0.0009123446245661738,0.0009191689622572022,0.0009106319408253429,0.000920527404969546
main_b,tfim_N8_g0.50,baseline,RBM alpha=4 SGD,mz_error,5,0.0038910106518828423,0.0007149433943171614,0.0032586795188041862,0.004391237732846154,0.002757664215369049,0.004708421060285128
main_b,tfim_N8_g0.50,baseline,RBM alpha=4 SGD,mx_error,5,0.009593076717143944,0.002735565555574621,0.0071646829968689315,0.011491263962328113,0.005242386171644631,0.012705791141762568
main_b,tfim_N8_g0.50,baseline,RBM alpha=4 SGD,infidelity,5,0.501047890417458,5.598749050250333e-05,0.5010052517297247,0.5010931429270951,0.5009769134243551,0.501128197037233
main_b,tfim_N8_g0.50,baseline,RBM alpha=4 SGD,mc_energy_error,5,0.0009870718454974676,0.00023650197107965144,0.0007911368515940208,0.0011627676643497825,0.0006394865175999585,0.0012030880116662222
main_b,tfim_N8_g0.50,baseline,RBM alpha=4 SGD,n_params,5,296.0,0.0,296.0,296.0,296.0,296.0
main_b,tfim_N8_g0.50,baseline,RBM alpha=4 SGD,runtime_s,5,1.2429484844207763,0.052985556817978126,1.202626371383667,1.2809662342071533,1.1657030582427979,1.2986547946929932
main_b,tfim_N10_g2.00,baseline,Mean-field SR,energy,5,-19.94137460288242,0.02809436527769488,-19.96412006053788,-19.920253335294863,-19.980255883710853,-19.90944391803787
main_b,tfim_N10_g2.00,baseline,Mean-field SR,rel_energy_error,5,0.06251803680497404,0.001320769567783443,0.06144872956205548,0.06351098778240036,0.060690153812528805,0.06401915905508694
main_b,tfim_N10_g2.00,baseline,Mean-field SR,mz_error,5,0.09006215863436022,0.007400028169075184,0.08508293412702553,0.0961247406414957,0.08387567823707653,0.10200420211539615
main_b,tfim_N10_g2.00,baseline,Mean-field SR,mx_error,5,0.057255212133213516,0.003849737256985926,0.05423945412204458,0.06025630020665442,0.05194342010633968,0.06231618280957307
main_b,tfim_N10_g2.00,baseline,Mean-field SR,infidelity,5,0.18347990931761554,0.011868664901661857,0.17506241940388909,0.19254478370625566,0.1690411160992802,0.2008957054276116
main_b,tfim_N10_g2.00,baseline,Mean-field SR,mc_energy_error,5,0.06205679973557263,0.002548079076779709,0.06022680255967551,0.06408961515067527,0.05968268853361569,0.06597317839903774
main_b,tfim_N10_g2.00,baseline,Mean-field SR,n_params,5,10.0,0.0,10.0,10.0,10.0,10.0
main_b,tfim_N10_g2.00,baseline,Mean-field SR,runtime_s,5,0.35791401863098143,0.014162367300508375,0.34539103507995605,0.3689896583557129,0.3362131118774414,0.37592506408691406
main_b,tfim_N10_g2.00,baseline,Jastrow SR,energy,5,-21.271154116309262,2.2059742123085874e-06,-21.271156004710907,-21.27115252322728,-21.27115716007674,-21.27115143478389
main_b,tfim_N10_g2.00,baseline,Jastrow SR,rel_energy_error,5,2.571663282140796e-06,1.0370704482152318e-07,2.4828859279934704e-06,2.646557097127082e-06,2.4285699817872275e-06,2.6977268915990753e-06
main_b,tfim_N10_g2.00,baseline,Jastrow SR,mz_error,5,0.00023727716031656242,0.00011079204683136883,0.00015649876730802203,0.000326758136891625,0.0001233151738261884,0.00040209333635249367
main_b,tfim_N10_g2.00,baseline,Jastrow SR,mx_error,5,9.633901762657881e-05,5.701490128360654e-05,5.200050908276133e-05,0.00013921630701070332,2.369199768659236e-05,0.00017195964924621165
main_b,tfim_N10_g2.00,baseline,Jastrow SR,infidelity,5,4.115480002320205e-06,3.1013627611211867e-07,3.892243524927785e-06,4.370279790166798e-06,3.802195808644271e-06,4.598922917375958e-06
main_b,tfim_N10_g2.00,baseline,Jastrow SR,mc_energy_error,5,-2.0186233625655693e-05,1.7365681392239992e-05,-3.3264125595128006e-05,-7.169494347512715e-06,-4.170642208455001e-05,2.8880934035379013e-06
main_b,tfim_N10_g2.00,baseline,Jastrow SR,n_params,5,55.0,0.0,55.0,55.0,55.0,55.0
main_b,tfim_N10_g2.00,baseline,Jastrow SR,runtime_s,5,0.4661874294281006,0.02887212546610337,0.4409749507904053,0.4858731746673584,0.4198641777038574,0.4889390468597412
main_b,tfim_N10_g2.00,baseline,RBM alpha=1 SR,energy,5,-21.271191643498433,4.955570630191059e-06,-21.271195438100744,-21.27118773367595,-21.271196828889607,-21.271185409216983
main_b,tfim_N10_g2.00,baseline,RBM alpha=1 SR,rel_energy_error,5,8.074387148073087e-07,2.3297080471050964e-07,6.290472399039543e-07,9.912469089907302e-07,5.636636097259214e-07,1.1005241485556994e-06
main_b,tfim_N10_g2.00,baseline,RBM alpha=1 SR,mz_error,5,4.746405490995143e-05,2.5798039108268554e-05,2.549314143174275e-05,6.50459834538708e-05,5.842216613705098e-06,7.0707195513664e-05
main_b,tfim_N10_g2.00,baseline,RBM alpha=1 SR,mx_error,5,2.3413861927434886e-05,1.808564880026062e-05,9.729965003812957e-06,3.733753310859455e-05,5.685989588055662e-07,4.647370088495251e-05
main_b,tfim_N10_g2.00,baseline,RBM alpha=1 SR,infidelity,5,1.3799688003190979e-06,4.044692547401714e-07,1.071176288758302e-06,1.6887613118798938e-06,9.762604735730207e-07,1.833534007511517e-06
main_b,tfim_N10_g2.00,baseline,RBM alpha=1 SR,mc_energy_error,5,-2.5969519773579587e-06,9.122763129221636e-06,-9.349188259501146e-06,4.155284304785227e-06,-1.5443710327856825e-05,6.204610508336334e-06
main_b,tfim_N10_g2.00,baseline,RBM alpha=1 SR,n_params,5,120.0,0.0,120.0,120.0,120.0,120.0
main_b,tfim_N10_g2.00,baseline,RBM alpha=1 SR,runtime_s,5,0.932155990600586,0.07130095067339916,0.8742162704467773,0.983823299407959,0.834266185760498,0.998539924621582
main_b,tfim_N10_g2.00,method,RBM alpha=2 SR,energy,5,-21.271170977277432,7.8291855299439e-06,-21.271176772817,-21.271164773521807,-21.27118118729022,-21.271159832801438
main_b,tfim_N10_g2.00,method,RBM alpha=2 SR,rel_energy_error,5,1.7789970858737434e-06,3.6806490803748056e-07,1.5065377432381288e-06,2.0706474412171544e-06,1.2990049569985571e-06,2.30292010560082e-06
main_b,tfim_N10_g2.00,method,RBM alpha=2 SR,mz_error,5,5.2995312458425924e-05,1.3915339810029992e-05,4.430189558560782e-05,6.502798162788537e-05,4.1446590929195004e-05,7.649710282153777e-05
main_b,tfim_N10_g2.00,method,RBM alpha=2 SR,mx_error,5,0.00010046569797845794,7.6586568233466e-05,4.150654222776495e-05,0.00015921281793045415,8.087641848786298e-06,0.00019255266168449747
main_b,tfim_N10_g2.00,method,RBM alpha=2 SR,infidelity,5,3.833263727104352e-06,8.724700651381795e-07,3.128780796801678e-06,4.464786241542562e-06,2.5569914218204204e-06,4.8478360578085855e-06
main_b,tfim_N10_g2.00,method,RBM alpha=2 SR,mc_energy_error,5,2.6491661152596097e-06,1.0038293521904906e-05,-6.377660118873602e-06,8.96391128374243e-06,-1.4276972594251157e-05,9.74911088583797e-06
main_b,tfim_N10_g2.00,method,RBM alpha=2 SR,n_params,5,230.0,0.0,230.0,230.0,230.0,230.0
main_b,tfim_N10_g2.00,method,RBM alpha=2 SR,runtime_s,5,1.61248722076416,0.08216569395947265,1.5498514652252198,1.680046272277832,1.5194580554962158,1.7219138145446777
main_b,tfim_N10_g2.00,baseline,RBM alpha=4 SR,energy,5,-21.271152440187638,2.5444947672359066e-05,-21.271169996702106,-21.27113129279715,-21.27117499968069,-21.271111553931597
main_b,tfim_N10_g2.00,baseline,RBM alpha=4 SR,rel_energy_error,5,2.6504609485497914e-06,1.1962154054937484e-06,1.8250957980146025e-06,3.6446400136479285e-06,1.5898962554837715e-06,4.57260164178454e-06
main_b,tfim_N10_g2.00,baseline,RBM alpha=4 SR,mz_error,5,7.474410670966769e-05,2.5234426482105466e-05,5.2348725551010224e-05,9.032627650013003e-05,3.172973727871842e-05,9.354119965976349e-05
main_b,tfim_N10_g2.00,baseline,RBM alpha=4 SR,mx_error,5,9.616145451774027e-05,7.599570874267137e-05,3.769850381147854e-05,0.0001588666193864663,3.5604740400430046e-06,0.00020010100642198214
main_b,tfim_N10_g2.00,baseline,RBM alpha=4 SR,infidelity,5,5.529589006481039e-06,2.498517342374986e-06,3.817406454231786e-06,7.581672722101196e-06,3.3125867848760038e-06,9.548398367753563e-06
main_b,tfim_N10_g2.00,baseline,RBM alpha=4 SR,mc_energy_error,5,2.172289231433183e-06,1.7958775446783794e-05,-1.357727211037682e-05,1.2882227319793951e-05,-2.8892829701919034e-05,1.4596270284018278e-05
main_b,tfim_N10_g2.00,baseline,RBM alpha=4 SR,n_params,5,450.0,0.0,450.0,450.0,450.0,450.0
main_b,tfim_N10_g2.00,baseline,RBM alpha=4 SR,runtime_s,5,3.116374206542969,0.0918773116776461,3.033612871170044,3.174093440771103,2.960642099380493,3.202833890914917
main_b,tfim_N8_g1.00,baseline,Mean-field SGD,energy,5,-9.996689471640957,0.0021888336901619595,-9.998349425460637,-9.99502951782128,-9.998720333632269,-9.99401102001018
main_b,tfim_N8_g1.00,baseline,Mean-field SGD,rel_energy_error,5,0.02487131594116277,0.0002135101347261093,0.024709395478556846,0.025033236403768692,0.024673215181236,0.025132585936739064
main_b,tfim_N8_g1.00,baseline,Mean-field SGD,mz_error,5,0.13493224907575851,0.00455362137988198,0.13136816970961698,0.13849632844190005,0.12923264851363991,0.13988369827963731
main_b,tfim_N8_g1.00,baseline,Mean-field SGD,mx_error,5,0.13378033931752314,0.0075871180930772945,0.1278463713485645,0.13971430728648176,0.12430156946260384,0.14215171264938287
main_b,tfim_N8_g1.00,baseline,Mean-field SGD,infidelity,5,0.5569784599691173,0.0023239086274356763,0.5551660770636438,0.5587908428745909,0.5540753860900233,0.5596124765824799
main_b,tfim_N8_g1.00,baseline,Mean-field SGD,mc_energy_error,5,0.024568208723206822,0.0008810538234846789,0.02387248667848723,0.02519199477003396,0.023234605230163446,0.025547014110608727
main_b,tfim_N8_g1.00,baseline,Mean-field SGD,n_params,5,8.0,0.0,8.0,8.0,8.0,8.0
main_b,tfim_N8_g1.00,baseline,Mean-field SGD,runtime_s,5,0.2978375434875488,0.012408346523095713,0.28647761344909667,0.30495328903198243,0.2761969566345215,0.30527806282043457
main_b,tfim_N8_g1.00,baseline,Jastrow SGD,energy,5,-10.156078869619881,0.0015582456569515984,-10.157317442677757,-10.154840296562005,-10.157692036783184,-10.154301012263947
main_b,tfim_N8_g1.00,baseline,Jastrow SGD,rel_energy_error,5,0.0093236514523309,0.0001519993234982068,0.009202834643979517,0.00944446826068229,0.009166294801652665,0.009497072834366507
main_b,tfim_N8_g1.00,baseline,Jastrow SGD,mz_error,5,0.06512540866995258,0.004069208206540491,0.06186904172385228,0.06820978721519874,0.05977224854015195,0.06993665487688805
main_b,tfim_N8_g1.00,baseline,Jastrow SGD,mx_error,5,0.06635912797121864,0.004831781294888084,0.06271184890060344,0.0699996572896914,0.06085746342410292,0.07278204461288684
main_b,tfim_N8_g1.00,baseline,Jastrow SGD,infidelity,5,0.4507342677250999,0.003720008250993951,0.44753142677563645,0.45335448654927546,0.4451815959965898,0.4548602277952063
main_b,tfim_N8_g1.00,baseline,Jastrow SGD,mc_energy_error,5,0.009489239887589433,0.0004870219487795084,0.009045119759166342,0.009768963812437382,0.00863138696732024,0.009848853680522353
main_b,tfim_N8_g1.00,baseline,Jastrow SGD,n_params,5,36.0,0.0,36.0,36.0,36.0,36.0
main_b,tfim_N8_g1.00,baseline,Jastrow SGD,runtime_s,5,0.38070974349975584,0.01575598247033989,0.36779255867004396,0.3922599792480469,0.35751795768737793,0.3975698947906494
main_b,tfim_N8_g1.00,baseline,RBM alpha=1 SGD,energy,5,-10.017257589979433,0.002152094149545756,-10.019119625055684,-10.015749305066414,-10.020715198523789,-10.014950019406108
main_b,tfim_N8_g1.00,baseline,RBM alpha=1 SGD,rel_energy_error,5,0.022864995526203767,0.00020992637032265672,0.022683363014887686,0.023012121420891304,0.022527722544041257,0.023090087869318144
main_b,tfim_N8_g1.00,baseline,RBM alpha=1 SGD,mz_error,5,0.13506128427724903,0.0029427450498644685,0.13302019451006272,0.1375125717546013,0.13235829092248608,0.1396314140196786
main_b,tfim_N8_g1.00,baseline,RBM alpha=1 SGD,mx_error,5,0.13406123648461987,0.005005023743359195,0.13057300601522637,0.13826020216622478,0.12957256104732195,0.14184909675353086
main_b,tfim_N8_g1.00,baseline,RBM alpha=1 SGD,infidelity,5,0.5498036593950258,0.001981313691038354,0.54828157443586,0.5513257443541917,0.5474308462245785,0.5523054649440906
main_b,tfim_N8_g1.00,baseline,RBM alpha=1 SGD,mc_energy_error,5,0.022690479027931674,0.000662146570635412,0.022122920720677938,0.023184302852518164,0.021694478253645445,0.023468018175471676
main_b,tfim_N8_g1.00,baseline,RBM alpha=1 SGD,n_params,5,80.0,0.0,80.0,80.0,80.0,80.0
main_b,tfim_N8_g1.00,baseline,RBM alpha=1 SGD,runtime_s,5,0.5357160568237305,0.019036784396717715,0.5184742927551269,0.5488946914672852,0.5040371417999268,0.5556070804595947
main_b,tfim_N8_g1.00,baseline,RBM alpha=2 SGD,energy,5,-10.025535359624493,0.003484788700775539,-10.028192010247233,-10.02287870900175,-10.029534940475973,-10.021564977351263
main_b,tfim_N8_g1.00,baseline,RBM alpha=2 SGD,rel_energy_error,5,0.022057539153388678,0.00033992427489577446,0.021798395740651594,0.022316682566125755,0.021667399395266056,0.02244483073149337
main_b,tfim_N8_g1.00,baseline,RBM alpha=2 SGD,mz_error,5,0.13297119852371259,0.003477980943233069,0.13028461582981854,0.13565778121760666,0.12922528016827473,0.1364753280687515
main_b,tfim_N8_g1.00,baseline,RBM alpha=2 SGD,mx_error,5,0.13084758046009576,0.005983589586189281,0.12620690539703364,0.13548825552315785,0.1244404177877746,0.13690014455538213
main_b,tfim_N8_g1.00,baseline,RBM alpha=2 SGD,infidelity,5,0.5459991948056266,0.000993253253550241,0.5452887347183324,0.5468669849456693,0.544892928206602,0.5474614990805826
main_b,tfim_N8_g1.00,baseline,RBM alpha=2 SGD,mc_energy_error,5,0.02203429493469745,0.0009496677780143282,0.0213710781017241,0.022835486951239194,0.021113164306657276,0.023527787802115733
main_b,tfim_N8_g1.00,baseline,RBM alpha=2 SGD,n_params,5,152.0,0.0,152.0,152.0,152.0,152.0
main_b,tfim_N8_g1.00,baseline,RBM alpha=2 SGD,runtime_s,5,0.763837194442749,0.06252614341970954,0.7153372764587402,0.8123371124267578,0.6916100978851318,0.8332338333129883
main_b,tfim_N8_g1.00,baseline,RBM alpha=4 SGD,energy,5,-10.041562510693723,0.004861603922595292,-10.045531230701126,-10.038233857280492,-10.049397312689198,-10.037210024306821
main_b,tfim_N8_g1.00,baseline,RBM alpha=4 SGD,rel_energy_error,5,0.020494168121839858,0.00047422593738655005,0.020107038689722134,0.0208188621549733,0.019729921099725566,0.02091873210723552
main_b,tfim_N8_g1.00,baseline,RBM alpha=4 SGD,mz_error,5,0.1271450743166213,0.003693906157851263,0.1244578985989542,0.1301489793503299,0.12295235893438938,0.13253519488061782
main_b,tfim_N8_g1.00,baseline,RBM alpha=4 SGD,mx_error,5,0.12188050298983426,0.0060882658760958025,0.11741491849745327,0.12685984097122624,0.1147101930865142,0.1308025875862645
main_b,tfim_N8_g1.00,baseline,RBM alpha=4 SGD,infidelity,5,0.5382163508390565,0.002737010227862783,0.5359531445328708,0.5402039049347638,0.5342898537880902,0.5414724605963033
main_b,tfim_N8_g1.00,baseline,RBM alpha=4 SGD,mc_energy_error,5,0.020334772598666027,0.0008105907874502055,0.01973242700680087,0.020916406571841864,0.019192369094483727,0.021286889393593775
main_b,tfim_N8_g1.00,baseline,RBM alpha=4 SGD,n_params,5,296.0,0.0,296.0,296.0,296.0,296.0
main_b,tfim_N8_g1.00,baseline,RBM alpha=4 SGD,runtime_s,5,1.265925979614258,0.04316956990242474,1.2279941082000732,1.296898078918457,1.1976099014282227,1.3147320747375488
main_b,tfim_N8_g1.50,baseline,Mean-field SGD,energy,5,-12.492932139220926,0.003688851881895568,-12.49574673427121,-12.490117544170639,-12.497106256514492,-12.488148500575786
main_b,tfim_N8_g1.50,baseline,Mean-field SGD,rel_energy_error,5,0.06664719799439642,0.00027559584905950056,0.06643691828204235,0.06685747770675049,0.06633534773951312,0.06700458587447679
main_b,tfim_N8_g1.50,baseline,Mean-field SGD,mz_error,5,0.19603496481309826,0.018302691220727946,0.18127691349331368,0.20958718417497516,0.16911671107552118,0.21707009593632381
main_b,tfim_N8_g1.50,baseline,Mean-field SGD,mx_error,5,0.12265610263199248,0.016643198412823263,0.10915406252918454,0.13515550477951419,0.09865272540819725,0.14220188086011087
main_b,tfim_N8_g1.50,baseline,Mean-field SGD,infidelity,5,0.5267935482243359,0.016343903847092417,0.5135281110844774,0.5390400308829306,0.5032123001385228,0.5458882270101633
main_b,tfim_N8_g1.50,baseline,Mean-field SGD,mc_energy_error,5,0.06683928128994213,0.0016693149134563547,0.06561847550946602,0.06822383651587913,0.06555743119133862,0.0691690064236053
main_b,tfim_N8_g1.50,baseline,Mean-field SGD,n_params,5,8.0,0.0,8.0,8.0,8.0,8.0
main_b,tfim_N8_g1.50,baseline,Mean-field SGD,runtime_s,5,0.3124952793121338,0.011689378592030146,0.3028842926025391,0.3206480503082275,0.2943301200866699,0.3245980739593506
main_b,tfim_N8_g1.50,baseline,Jastrow SGD,energy,5,-13.384509400153874,1.7187297406708476e-05,-13.384519176030917,-13.384494041199492,-13.384520933503214,-13.38447931413562
main_b,tfim_N8_g1.50,baseline,Jastrow SGD,rel_energy_error,5,3.7043915056201524e-05,1.2840710263173052e-06,3.631355471060038e-05,3.819138972037996e-05,3.6182253134019625e-05,3.929165554848707e-05
main_b,tfim_N8_g1.50,baseline,Jastrow SGD,mz_error,5,0.001776617227922872,0.0007719604318766689,0.0011892449274085615,0.0023639895284371824,0.0007633780471415497,0.0026349074349029666
main_b,tfim_N8_g1.50,baseline,Jastrow SGD,mx_error,5,0.0004885249630077526,0.0003481350152151481,0.0002217857185164096,0.0007552642074990957,8.647813137208082e-05,0.0008717938315068174
main_b,tfim_N8_g1.50,baseline,Jastrow SGD,infidelity,5,5.55686571683589e-05,7.493040867470706e-06,5.0828719064321956e-05,6.196922915839842e-05,4.9099303267685634e-05,6.815108167868011e-05
main_b,tfim_N8_g1.50,baseline,Jastrow SGD,mc_energy_error,5,6.719398184277733e-05,7.08344194645779e-05,1.5792831411748554e-05,0.000128254135770922,-1.1503253004673908e-05,0.00017020693819874797
main_b,tfim_N8_g1.50,baseline,Jastrow SGD,n_params,5,36.0,0.0,36.0,36.0,36.0,36.0
main_b,tfim_N8_g1.50,baseline,Jastrow SGD,runtime_s,5,0.4088588237762451,0.00719801842294115,0.40347957611083984,0.4147852897644043,0.4006960391998291,0.41817307472229004
main_b,tfim_N8_g1.50,baseline,RBM alpha=1 SGD,energy,5,-13.363703800882742,0.007828177921678454,-13.369803344918168,-13.357604256847319,-13.370926438999259,-13.353889742288121
main_b,tfim_N8_g1.50,baseline,RBM alpha=1 SGD,rel_energy_error,5,0.0015914399656157727,0.0005848468331031316,0.0011357401784901416,0.0020471397527414043,0.0010518332945161956,0.002324652872422881
main_b,tfim_N8_g1.50,baseline,RBM alpha=1 SGD,mz_error,5,0.002761091048744424,0.0020279992784496674,0.0016247196755102,0.004615565338570759,0.0012891925509391222,0.006334445612899253
main_b,tfim_N8_g1.50,baseline,RBM alpha=1 SGD,mx_error,5,0.003190029572348596,0.001698247124642292,0.001846312812595996,0.004598546343407439,0.0009095941577664801,0.005675470170955488
main_b,tfim_N8_g1.50,baseline,RBM alpha=1 SGD,infidelity,5,0.002584861555340168,0.0010197221651185048,0.00179585908446529,0.0033738640262150456,0.0016297598457269968,0.003947390856693378
main_b,tfim_N8_g1.50,baseline,RBM alpha=1 SGD,mc_energy_error,5,0.0015700727137668645,0.0010266212707492459,0.0008741100061916479,0.002411354526952214,0.00033929745700743587,0.003111017676451074
main_b,tfim_N8_g1.50,baseline,RBM alpha=1 SGD,n_params,5,80.0,0.0,80.0,80.0,80.0,80.0
main_b,tfim_N8_g1.50,baseline,RBM alpha=1 SGD,runtime_s,5,0.6411738872528077,0.020828389368001278,0.6230799198150635,0.654557466506958,0.605708122253418,0.6584811210632324
main_b,tfim_N8_g0.50,baseline,Mean-field SR,energy,5,-8.499621925019873,3.943159812032822e-05,-8.499647805606347,-8.499586503558785,-8.499658797821475,-8.49955613237278
main_b,tfim_N8_g0.50,baseline,Mean-field SR,rel_energy_error,5,0.0011117897158558665,4.634060058665718e-06,0.001108748190839786,0.0011159524986464673,0.0011074563693686092,0.0011195217655970936
main_b,tfim_N8_g0.50,baseline,Mean-field SR,mz_error,5,0.005702859109376712,0.0002723012904777891,0.005505444881497868,0.005900273337255557,0.005335897553752744,0.006026271952322415
main_b,tfim_N8_g0.50,baseline,Mean-field SR,mx_error,5,0.0162397524896855,0.001063917078428654,0.015468460400627637,0.01701104457874336,0.014807659832745068,0.017510579904033596
main_b,tfim_N8_g0.50,baseline,Mean-field SR,infidelity,5,0.5016539858805885,2.586326572022382e-05,0.5016353805580367,0.5016732718494904,0.5016201787815546,0.5016881584271689
main_b,tfim_N8_g0.50,baseline,Mean-field SR,mc_energy_error,5,0.0011977097132320495,0.00037078751947911193,0.0009093086708478121,0.001486110755616287,0.0008339266899649111,0.001675789952555266
main_b,tfim_N8_g0.50,baseline,Mean-field SR,n_params,5,8.0,0.0,8.0,8.0,8.0,8.0
main_b,tfim_N8_g0.50,baseline,Mean-field SR,runtime_s,5,0.31148276329040525,0.012183690549066567,0.3024258613586426,0.32033395767211914,0.2989780902862549,0.32837700843811035
main_b,tfim_N8_g1.50,baseline,RBM alpha=2 SGD,energy,5,-13.37766851682429,0.0008243441442212684,-13.378291412076994,-13.377045621571586,-13.378604574542607,-13.376579406847883
main_b,tfim_N8_g1.50,baseline,RBM alpha=2 SGD,rel_energy_error,5,0.0005481295075103127,6.158713649093825e-05,0.0005015927119053071,0.0005946663031153181,0.00047819619766002275,0.0006294974231324608
main_b,tfim_N8_g1.50,baseline,RBM alpha=2 SGD,mz_error,5,0.0007784417235108699,0.0006710088230598173,0.00024916928545759554,0.0013077141615641442,1.3561419487939652e-05,0.001491117711252099
main_b,tfim_N8_g1.50,baseline,RBM alpha=2 SGD,mx_error,5,0.001235999394161924,0.0011914940544098954,0.00031173891779223695,0.002160259870531611,1.4259685438000602e-06,0.002805836245474147
main_b,tfim_N8_g1.50,baseline,RBM alpha=2 SGD,infidelity,5,0.0008735767786797633,9.493628687938799e-05,0.0008061890876006401,0.0009455192453494243,0.0007792277383052992,0.001016748239073495
main_b,tfim_N8_g1.50,baseline,RBM alpha=2 SGD,mc_energy_error,5,0.0007176151448303352,0.0002322806023001649,0.0005408490728870103,0.0008989463961486608,0.0005058940488739206,0.0010076000524756189
main_b,tfim_N8_g1.50,baseline,RBM alpha=2 SGD,n_params,5,152.0,0.0,152.0,152.0,152.0,152.0
main_b,tfim_N8_g1.50,baseline,RBM alpha=2 SGD,runtime_s,5,0.8886063575744629,0.030847800000212634,0.865208625793457,0.9131372928619385,0.8513901233673096,0.9281418323516846
main_b,tfim_N8_g0.50,baseline,Jastrow SR,energy,5,-8.507871648550461,3.685061914877563e-05,-8.507902311999434,-8.507845404031434,-8.507927605244728,-8.50783198030367
main_b,tfim_N8_g0.50,baseline,Jastrow SR,rel_energy_error,5,0.00014226993656464348,4.330739570867387e-06,0.0001386663224354598,0.00014535423147472756,0.00013569382262939225,0.0001469318079266606
main_b,tfim_N8_g0.50,baseline,Jastrow SR,mz_error,5,0.00042028379518017634,0.00015708103570548037,0.00030541678516822214,0.0005523067523967029,0.0002338534158417005,0.000647372272977953
main_b,tfim_N8_g0.50,baseline,Jastrow SR,mx_error,5,0.0017589994726906588,0.0005262825505925508,0.001364433362217632,0.0021982431710726334,0.0010560211395454489,0.002445704154303785
main_b,tfim_N8_g0.50,baseline,Jastrow SR,infidelity,5,0.4994548895058464,3.261610640845468e-05,0.4994291033031099,0.49948067570858273,0.49941576824475786,0.49948774021977127
main_b,tfim_N8_g0.50,baseline,Jastrow SR,mc_energy_error,5,8.152970736477949e-05,0.0001461368861517659,-2.766049083487287e-05,0.00019427682981188726,-5.399447495979529e-05,0.000266137307189057
main_b,tfim_N8_g0.50,baseline,Jastrow SR,n_params,5,36.0,0.0,36.0,36.0,36.0,36.0
main_b,tfim_N8_g0.50,baseline,Jastrow SR,runtime_s,5,0.39444994926452637,0.015830329891337792,0.3810403823852539,0.4047304630279541,0.36870598793029785,0.41056370735168457
main_b,tfim_N8_g0.50,baseline,RBM alpha=1 SR,energy,5,-8.50802301066332,4.789905473682032e-05,-8.508051200373655,-8.507980400222495,-8.508061694186056,-8.507939765783341
main_b,tfim_N8_g0.50,baseline,RBM alpha=1 SR,rel_energy_error,5,0.00012448163593753214,5.629168154374997e-06,0.00012116873925244378,0.00012948927831928566,0.00011993549081074617,0.0001342646980455603
main_b,tfim_N8_g0.50,baseline,RBM alpha=1 SR,mz_error,5,0.0008222219753679872,0.0002553774651594542,0.000615787469221063,0.0010127711189177324,0.0004951291372142785,0.0010543651626162553
main_b,tfim_N8_g0.50,baseline,RBM alpha=1 SR,mx_error,5,0.001626221131819172,0.0008815708486459805,0.0008380795441836564,0.002245857864985712,0.0003005965525850196,0.0025153561319897766
main_b,tfim_N8_g0.50,baseline,RBM alpha=1 SR,infidelity,5,0.4998021333082029,0.00011822216217920643,0.4996943700162456,0.49986284382299023,0.49959204801916846,0.4998644219370547
main_b,tfim_N8_g0.50,baseline,RBM alpha=1 SR,mc_energy_error,5,0.0001553986606092469,8.414469868394212e-05,8.93747109725269e-05,0.00021948124412752442,5.122153637870919e-05,0.00023797405919647857
main_b,tfim_N8_g0.50,baseline,RBM alpha=1 SR,n_params,5,80.0,0.0,80.0,80.0,80.0,80.0
main_b,tfim_N8_g0.50,baseline,RBM alpha=1 SR,runtime_s,5,0.5824217319488525,0.02171020773837695,0.5652101516723633,0.5988173961639405,0.5493628978729248,0.6070966720581055
main_b,tfim_N8_g1.50,baseline,RBM alpha=4 SGD,energy,5,-13.380117429021345,0.00015685853236568887,-13.380239854838425,-13.379995003204261,-13.380306180132717,-13.379931684679327
main_b,tfim_N8_g1.50,baseline,RBM alpha=4 SGD,rel_energy_error,5,0.00036517013211963576,1.1718974303012926e-05,0.0003560236420768844,0.0003743166221623872,0.0003510684483251302,0.0003790471787687886
main_b,tfim_N8_g1.50,baseline,RBM alpha=4 SGD,mz_error,5,0.001310823360871638,0.0008425441639414523,0.0006631737198119269,0.0019366252703037269,9.64315595960441e-05,0.0021830242010634215
main_b,tfim_N8_g1.50,baseline,RBM alpha=4 SGD,mx_error,5,0.0007985393612388369,0.00035567723667133286,0.0004995329125287995,0.0010470425731841314,0.0002332148734827122,0.0011457309745749322
main_b,tfim_N8_g1.50,baseline,RBM alpha=4 SGD,infidelity,5,0.0005756356489093895,4.0617752399809754e-05,0.0005514755234820257,0.0006128208789667022,0.0005504473995099346,0.0006457034828926123
main_b,tfim_N8_g1.50,baseline,RBM alpha=4 SGD,mc_energy_error,5,0.0004794291864881761,0.0001640356108967492,0.0003543968290729509,0.0006058123764260744,0.0003009707491220677,0.0006513594289334551
main_b,tfim_N8_g1.50,baseline,RBM alpha=4 SGD,n_params,5,296.0,0.0,296.0,296.0,296.0,296.0
main_b,tfim_N8_g1.50,baseline,RBM alpha=4 SGD,runtime_s,5,1.4559527397155763,0.06888037429645386,1.3993743419647218,1.502040719985962,1.3460049629211426,1.5216648578643799
main_b,tfim_N8_g0.50,method,RBM alpha=2 SR,energy,5,-8.508029117796646,7.204661487978264e-05,-8.508081357112593,-8.50796739749409,-8.508108423047382,-8.507922968104088
main_b,tfim_N8_g0.50,method,RBM alpha=2 SR,rel_energy_error,5,0.00012376391654647043,8.467025336569575e-06,0.00011762467444004587,0.00013101737830029225,0.00011444384552818702,0.00013623878629362803
main_b,tfim_N8_g0.50,method,RBM alpha=2 SR,mz_error,5,0.0008188346288552584,0.00016661697839123865,0.0006819641372128426,0.0009434354728069305,0.0005966191183366387,0.00101670026273748
main_b,tfim_N8_g0.50,method,RBM alpha=2 SR,mx_error,5,0.0017118532449679536,0.00048437512727669314,0.001341203253669898,0.002082503236266009,0.0011514524691297878,0.002344889733099653
main_b,tfim_N8_g0.50,method,RBM alpha=2 SR,infidelity,5,0.49978267275819616,4.948616220771737e-05,0.4997448311365472,0.4998197441066151,0.4997243096784153,0.4998278333609991
main_b,tfim_N8_g0.50,method,RBM alpha=2 SR,mc_energy_error,5,0.00012522011368965605,4.247684825592779e-05,9.599295613779654e-05,0.0001615209799881827,8.361151592951711e-05,0.0001928248890134941
main_b,tfim_N8_g0.50,method,RBM alpha=2 SR,n_params,5,152.0,0.0,152.0,152.0,152.0,152.0
main_b,tfim_N8_g0.50,method,RBM alpha=2 SR,runtime_s,5,0.8992657661437988,0.026086509202625688,0.8774580955505371,0.9173531055450439,0.8577289581298828,0.9234519004821777
main_b,tfim_N8_g0.50,baseline,RBM alpha=4 SR,energy,5,-8.508045551193245,3.4735013512665107e-05,-8.508072653558461,-8.508018448828029,-8.508086703725136,-8.508005949924094
main_b,tfim_N8_g0.50,baseline,RBM alpha=4 SR,rel_energy_error,5,0.00012183263933584747,4.082110450575419e-06,0.00011864752906518534,0.00012501774960650962,0.00011699633258091885,0.0001264866393862698
main_b,tfim_N8_g0.50,baseline,RBM alpha=4 SR,mz_error,5,0.000931023371656825,0.0001897708120724442,0.0008035824896252874,0.0010959330368388587,0.0007774321611229151,0.001234111207316313
main_b,tfim_N8_g0.50,baseline,RBM alpha=4 SR,mx_error,5,0.0020846865171941565,0.0005901078588789085,0.001646997003653794,0.002572034749833785,0.0014309747632564318,0.0028842412516318916
main_b,tfim_N8_g0.50,baseline,RBM alpha=4 SR,infidelity,5,0.4998013039563117,3.0296980593570596e-05,0.4997762760826519,0.49982238367675286,0.4997530988292519,0.4998292611341818
main_b,tfim_N8_g0.50,baseline,RBM alpha=4 SR,mc_energy_error,5,0.0001377612602929599,7.614333891202761e-05,9.386236686839133e-05,0.0002072214825332313,7.987076050882016e-05,0.0002714138527615939
main_b,tfim_N8_g0.50,baseline,RBM alpha=4 SR,n_params,5,296.0,0.0,296.0,296.0,296.0,296.0
main_b,tfim_N8_g0.50,baseline,RBM alpha=4 SR,runtime_s,5,1.5702570915222167,0.0428108931063711,1.5310969352722168,1.5953219413757325,1.495704174041748,1.6047251224517822
main_b,tfim_N12_g0.50,baseline,Mean-field SGD,energy,5,-12.749887164048515,6.523009786098856e-05,-12.749926020782524,-12.749829974454292,-12.7499347900612,-12.749774203223858
main_b,tfim_N12_g0.50,baseline,Mean-field SGD,rel_energy_error,5,0.000993686053761394,5.111047554997238e-06,0.0009906414681808296,0.0009981670946503395,0.0009899543589796135,0.0010025370008791953
main_b,tfim_N12_g0.50,baseline,Mean-field SGD,mz_error,5,0.0038415343024199135,0.00039876161849725534,0.003553045796876675,0.004166311021571101,0.003490875991670528,0.004452272008408142
main_b,tfim_N12_g0.50,baseline,Mean-field SGD,mx_error,5,0.00966413809280155,0.001553893249121529,0.00854214741000125,0.010931221824601673,0.008297430550388674,0.012049830390609723
main_b,tfim_N12_g0.50,baseline,Mean-field SGD,infidelity,5,0.5019743735514368,4.8614678286063776e-05,0.5019410350394159,0.5020146641284999,0.5019316393654049,0.5020527585427982
main_b,tfim_N12_g0.50,baseline,Mean-field SGD,mc_energy_error,5,0.0012640307678428758,0.00015023102167565445,0.0011532045421049505,0.0013770397700590795,0.0011102622164861477,0.0014784546823068303
main_b,tfim_N12_g0.50,baseline,Mean-field SGD,n_params,5,12.0,0.0,12.0,12.0,12.0,12.0
main_b,tfim_N12_g0.50,baseline,Mean-field SGD,runtime_s,5,0.36693882942199707,0.023061573850404186,0.3462042808532715,0.3800183296203613,0.3266761302947998,0.382274866104126
main_b,tfim_N12_g0.50,baseline,Jastrow SGD,energy,5,-12.758747515692468,0.0004168903098716029,-12.759061627170412,-12.758433404214525,-12.759230194206536,-12.758335557805196
main_b,tfim_N12_g0.50,baseline,Jastrow SGD,rel_energy_error,5,0.0002994409108653275,3.266507745656843e-05,0.0002748289793474825,0.00032405284238317246,0.00026162105591699875,0.0003317195126405582
main_b,tfim_N12_g0.50,baseline,Jastrow SGD,mz_error,5,0.001622149960270769,0.0005368088162323565,0.0011827590047216673,0.0020248348016526528,0.0008332141027460604,0.0023145158620981876
main_b,tfim_N12_g0.50,baseline,Jastrow SGD,mx_error,5,0.00337442016845414,0.0019196849765884699,0.0018495413658258907,0.004873793992655773,0.0006204093961962864,0.005918360563147429
main_b,tfim_N12_g0.50,baseline,Jastrow SGD,infidelity,5,0.5004334268166071,6.595440667571186e-05,0.5003805119607788,0.500482387723275,0.5003418192726377,0.5004911852305093
main_b,tfim_N12_g0.50,baseline,Jastrow SGD,mc_energy_error,5,0.00033846252571699304,0.00014080500823517137,0.00022836042542404735,0.00044856462600993875,0.00018856699810849818,0.0005077253042659096
main_b,tfim_N12_g0.50,baseline,Jastrow SGD,n_params,5,78.0,0.0,78.0,78.0,78.0,78.0
main_b,tfim_N12_g0.50,baseline,Jastrow SGD,runtime_s,5,0.5149507999420166,0.02938499543105186,0.48795499801635744,0.5313952445983887,0.46317601203918457,0.5363070964813232
main_b,tfim_N12_g0.50,baseline,RBM alpha=1 SGD,energy,5,-12.751027232508557,0.00011517546422425177,-12.75111427414095,-12.750936669560739,-12.751153682168635,-12.750889955001716
main_b,tfim_N12_g0.50,baseline,RBM alpha=1 SGD,rel_energy_error,5,0.0009043569816476217,9.024473275843053e-06,0.0008975369102832819,0.000911452962617482,0.0008944491285662721,0.0009151132412397898
main_b,tfim_N12_g0.50,baseline,RBM alpha=1 SGD,mz_error,5,0.0037836863997928517,0.0006003530544795358,0.0032541540220139,0.004217952671684966,0.002828718099439409,0.004485465385740128
main_b,tfim_N12_g0.50,baseline,RBM alpha=1 SGD,mx_error,5,0.009658368575843585,0.002308669217472843,0.007621901502085732,0.011326542290231362,0.0059829191758143385,0.012352034860669742
main_b,tfim_N12_g0.50,baseline,RBM alpha=1 SGD,infidelity,5,0.5017256107682503,5.8361830216864114e-05,0.5016827168158045,0.5017743342275753,0.5016583326546094,0.5018176649272839
main_b,tfim_N12_g0.50,baseline,RBM alpha=1 SGD,mc_energy_error,5,0.0011466424753356949,0.00020325221124065397,0.0009923492908600335,0.0013037599411340201,0.0009348674995590694,0.001403553834242826
main_b,tfim_N12_g0.50,baseline,RBM alpha=1 SGD,n_params,5,168.0,0.0,168.0,168.0,168.0,168.0
main_b,tfim_N12_g0.50,baseline,RBM alpha=1 SGD,runtime_s,5,0.935558271408081,0.034478303580927364,0.907421875,0.96121826171875,0.8914170265197754,0.978079080581665
main_b,tfim_N8_g1.00,baseline,Mean-field SR,energy,5,-9.983401431698725,0.01117653033859052,-9.990983765882415,-9.97408877634288,-9.993664157169418,-9.965052424740685
main_b,tfim_N8_g1.00,baseline,Mean-field SR,rel_energy_error,5,0.026167499936809845,0.0010902164513896745,0.025427879928044333,0.02707590440290804,0.02516642072838865,0.027957356774869855
main_b,tfim_N8_g1.00,baseline,Mean-field SR,mz_error,5,0.131979809445832,0.015508795713220296,0.11992758297933256,0.14294678535310557,0.10855285367815348,0.14857648739519635
main_b,tfim_N8_g1.00,baseline,Mean-field SR,mx_error,5,0.13064199467827628,0.025237332531491935,0.11133452756711915,0.14853092494635917,0.09311580138424935,0.15832408697034206
main_b,tfim_N8_g1.00,baseline,Mean-field SR,infidelity,5,0.5571996339831717,0.007499637669387201,0.5515687367925644,0.562491315784823,0.5463161544133367,0.5656126681821699
main_b,tfim_N8_g1.00,baseline,Mean-field SR,mc_energy_error,5,0.02518199826365832,0.0009481053843524227,0.024444544967864378,0.025919451559452265,0.024072974531606645,0.02627508693787674
main_b,tfim_N8_g1.00,baseline,Mean-field SR,n_params,5,8.0,0.0,8.0,8.0,8.0,8.0
main_b,tfim_N8_g1.00,baseline,Mean-field SR,runtime_s,5,0.30926151275634767,0.019933801505477956,0.29376850128173826,0.3236555576324463,0.279447078704834,0.3295321464538574
main_b,tfim_N8_g1.00,baseline,Jastrow SR,energy,5,-10.235650855910041,0.0009723663971378351,-10.23629710366163,-10.234836344115072,-10.236568094087591,-10.234081896576654
main_b,tfim_N8_g1.00,baseline,Jastrow SR,rel_energy_error,5,0.0015617892379249177,9.484963676780998e-05,0.001498750896944975,0.0016412409221080483,0.0014723170922141362,0.0017148336287156135
main_b,tfim_N8_g1.00,baseline,Jastrow SR,mz_error,5,0.02499654272898415,0.001003790121423661,0.024246684037146138,0.02580144486352729,0.02394418504198581,0.02621912583721564
main_b,tfim_N8_g1.00,baseline,Jastrow SR,mx_error,5,0.018041830819967,0.0014874383573084472,0.01690985515942167,0.019152903926582577,0.015982312322849968,0.019712575521168896
main_b,tfim_N8_g1.00,baseline,Jastrow SR,infidelity,5,0.01622742852176422,0.004213091985334813,0.01319797150157911,0.01962646679209956,0.011974192490217028,0.022588017965582297
main_b,tfim_N8_g1.00,baseline,Jastrow SR,mc_energy_error,5,0.0017456633445880024,0.0004706165629339643,0.0013733152076435195,0.002130253869129026,0.0010890821488863313,0.0024058497836853764
main_b,tfim_N8_g1.00,baseline,Jastrow SR,n_params,5,36.0,0.0,36.0,36.0,36.0,36.0
main_b,tfim_N8_g1.00,baseline,Jastrow SR,runtime_s,5,0.4046989917755127,0.036472586545761916,0.37714385986328125,0.43300294876098633,0.3613760471343994,0.45324277877807617
main_b,tfim_N12_g0.50,baseline,RBM alpha=2 SGD,energy,5,-12.75092438964136,0.00015862378121874634,-12.751033450683673,-12.750799220500891,-12.75109152776385,-12.750679140647605
main_b,tfim_N12_g0.50,baseline,RBM alpha=2 SGD,rel_energy_error,5,0.0009124151450137528,1.2428828345340559e-05,0.0009038697619466237,0.0009222226640948532,0.0008993191828671232,0.0009316314165073943
main_b,tfim_N12_g0.50,baseline,RBM alpha=2 SGD,mz_error,5,0.003711978851382991,0.00105577833570683,0.0028901992400069076,0.004533758462759075,0.0023399536664920895,0.004787697254963419
main_b,tfim_N12_g0.50,baseline,RBM alpha=2 SGD,mx_error,5,0.009495462078678834,0.00409751147467251,0.006305557080348833,0.012685367077008836,0.004171152846272674,0.013696900834124615
main_b,tfim_N12_g0.50,baseline,RBM alpha=2 SGD,infidelity,5,0.5016986522531326,0.0001064310117080923,0.5016151271263312,0.501782177379934,0.5015748717602149,0.5018240242964949
main_b,tfim_N12_g0.50,baseline,RBM alpha=2 SGD,mc_energy_error,5,0.001018101342215741,0.00028266118962403725,0.0008010028526438337,0.001235199831787648,0.0006878072200929955,0.0013336911504031545
main_b,tfim_N12_g0.50,baseline,RBM alpha=2 SGD,n_params,5,324.0,0.0,324.0,324.0,324.0,324.0
main_b,tfim_N12_g0.50,baseline,RBM alpha=2 SGD,runtime_s,5,1.446976375579834,0.10803858000276576,1.3607116222381592,1.5332411289215089,1.3301899433135986,1.553380012512207
main_b,tfim_N8_g1.00,baseline,RBM alpha=1 SR,energy,5,-10.251248350146698,0.00013462865156012134,-10.25132526890499,-10.251127139839806,-10.25135501471697,-10.251013785869194
main_b,tfim_N8_g1.00,baseline,RBM alpha=1 SR,rel_energy_error,5,4.032915128800306e-05,1.3132373493157145e-05,3.2826098625437516e-05,5.215263018978739e-05,2.9924538606085794e-05,6.320976150446347e-05
main_b,tfim_N8_g1.00,baseline,RBM alpha=1 SR,mz_error,5,0.0008487959369441577,0.00032786741653871777,0.0006356216019793859,0.0011407865697209418,0.0006110301696410358,0.001396950849588352
main_b,tfim_N8_g1.00,baseline,RBM alpha=1 SR,mx_error,5,0.0006915516953271527,0.0004358566701123144,0.0003612625752698939,0.0010218408153844117,0.00018428528634173436,0.0011653499336503614
main_b,tfim_N8_g1.00,baseline,RBM alpha=1 SR,infidelity,5,6.434871158238487e-05,2.167784607909894e-05,5.11658947087712e-05,8.395804662169049e-05,4.966224807800845e-05,0.00010145013264584168
main_b,tfim_N8_g1.00,baseline,RBM alpha=1 SR,mc_energy_error,5,4.611753809320995e-05,7.689005872803957e-05,-1.1801529226152266e-05,0.00010558082953638776,-4.522761375708316e-05,0.0001339280022040818
main_b,tfim_N8_g1.00,baseline,RBM alpha=1 SR,n_params,5,80.0,0.0,80.0,80.0,80.0,80.0
main_b,tfim_N8_g1.00,baseline,RBM alpha=1 SR,runtime_s,5,0.6389997959136963,0.03424521860410876,0.6098181724548339,0.6631103992462158,0.5866391658782959,0.6746730804443359
main_b,tfim_N8_g1.00,method,RBM alpha=2 SR,energy,5,-10.251416552233888,4.796755284350802e-05,-10.251458205795164,-10.251382154652934,-10.251486657028689,-10.2513761395739
main_b,tfim_N8_g1.00,method,RBM alpha=2 SR,rel_energy_error,5,2.3921851611262205e-05,4.679002665569004e-06,1.9858748269785315e-05,2.7277169183974877e-05,1.7083468114932528e-05,2.786391103675059e-05
main_b,tfim_N8_g1.00,method,RBM alpha=2 SR,mz_error,5,0.0006173990311687305,0.00030068341232803315,0.0003501870545404628,0.0008212836417655245,0.00011741160649125781,0.000918092443044749
main_b,tfim_N8_g1.00,method,RBM alpha=2 SR,mx_error,5,0.00042382015239676994,0.0002971807068676543,0.00018432020018066542,0.0006467851065238284,4.978308918790475e-05,0.0007171356394743977
main_b,tfim_N8_g1.00,method,RBM alpha=2 SR,infidelity,5,4.035979199492612e-05,5.154767227155096e-06,3.6521450602333696e-05,4.451668933465047e-05,3.52051852806623e-05,4.7880283548074054e-05
main_b,tfim_N8_g1.00,method,RBM alpha=2 SR,mc_energy_error,5,2.1024159211617344e-05,5.181314000962191e-05,-1.8087817655128048e-05,5.768657681966624e-05,-5.6568026752310116e-05,6.89753235326657e-05
main_b,tfim_N8_g1.00,method,RBM alpha=2 SR,n_params,5,152.0,0.0,152.0,152.0,152.0,152.0
main_b,tfim_N8_g1.00,method,RBM alpha=2 SR,runtime_s,5,1.0396921634674072,0.029154284060327114,1.0182889461517335,1.0647144794464112,1.007598876953125,1.084974765777588
main_b,tfim_N12_g0.50,baseline,RBM alpha=4 SGD,energy,5,-12.750934198063257,0.00012230986089306468,-12.751011523196667,-12.750829257259003,-12.75104042545609,-12.750726396941921
main_b,tfim_N12_g0.50,baseline,RBM alpha=4 SGD,rel_energy_error,5,0.00091164661465166,9.583482718575052e-06,0.0009055878711098873,0.0009198691600513615,0.0009033232597227594,0.0009279286906890832
main_b,tfim_N12_g0.50,baseline,RBM alpha=4 SGD,mz_error,5,0.0035607017892903105,0.0008214413910482297,0.0029594635236102284,0.004259653663523655,0.0027015214693570933,0.004666000403353077
main_b,tfim_N12_g0.50,baseline,RBM alpha=4 SGD,mx_error,5,0.008992169226205483,0.003178326686023098,0.006666277271296239,0.011697690091442248,0.005657794545175954,0.013270621258288817
main_b,tfim_N12_g0.50,baseline,RBM alpha=4 SGD,infidelity,5,0.5016531252451847,9.05778698709147e-05,0.5015880286928492,0.5017326652718663,0.5015648426861874,0.5017850606263081
main_b,tfim_N12_g0.50,baseline,RBM alpha=4 SGD,mc_energy_error,5,0.0011690492903881822,0.0003224942609042535,0.000916892317154225,0.0014212062636221393,0.0008177757137382529,0.0014578047220857357
main_b,tfim_N12_g0.50,baseline,RBM alpha=4 SGD,n_params,5,636.0,0.0,636.0,636.0,636.0,636.0
main_b,tfim_N12_g0.50,baseline,RBM alpha=4 SGD,runtime_s,5,2.6184906005859374,0.04506720446606343,2.5832140922546385,2.6537671089172363,2.565514087677002,2.670419931411743
main_b,tfim_N8_g1.00,baseline,RBM alpha=4 SR,energy,5,-10.251503996502027,4.0415965628009626e-05,-10.251534304300375,-10.25147014317815,-10.251552306212826,-10.251444569022937
main_b,tfim_N8_g1.00,baseline,RBM alpha=4 SR,rel_energy_error,5,1.539208639707142e-05,3.942381874580195e-06,1.2435707326637667e-05,1.8694314325915598e-05,1.067970787807989e-05,2.1188949412920942e-05
main_b,tfim_N8_g1.00,baseline,RBM alpha=4 SR,mz_error,5,0.0005366889022037968,0.0003453585410541026,0.00024702894201795723,0.0008042470357358722,4.4112136458718254e-05,0.001004927586497617
main_b,tfim_N8_g1.00,baseline,RBM alpha=4 SR,mx_error,5,0.0004856556399886358,0.0003505738406358626,0.00022231419984104496,0.000768600854053858,0.00014757862332437366,0.0009917808477437617
main_b,tfim_N8_g1.00,baseline,RBM alpha=4 SR,infidelity,5,2.4476085402125314e-05,7.594461815769539e-06,1.922165911607543e-05,3.1267712401605864e-05,1.6229200153650147e-05,3.674478545379056e-05
main_b,tfim_N8_g1.00,baseline,RBM alpha=4 SR,mc_energy_error,5,5.178051721740839e-05,4.8993396726253665e-05,1.583543847689787e-05,8.995083667999522e-05,-2.664099256808476e-06,0.00012186295709069925
main_b,tfim_N8_g1.00,baseline,RBM alpha=4 SR,n_params,5,296.0,0.0,296.0,296.0,296.0,296.0
main_b,tfim_N8_g1.00,baseline,RBM alpha=4 SR,runtime_s,5,1.8525409698486328,0.025265293339121815,1.832858180999756,1.8722237586975097,1.8208019733428955,1.876378059387207
main_b,tfim_N8_g1.50,baseline,Mean-field SR,energy,5,-12.48041596288473,0.007510124701932234,-12.486424223081363,-12.47469348519908,-12.490340425699902,-12.471896971036474
main_b,tfim_N8_g1.50,baseline,Mean-field SR,rel_energy_error,5,0.06758228738122694,0.0005610849283292428,0.06713340745238347,0.06800981636503908,0.06684082612347668,0.06821874524581897
main_b,tfim_N8_g1.50,baseline,Mean-field SR,mz_error,5,0.18664176542210212,0.02695726905338203,0.16573183890498683,0.20755169193921744,0.15080113017291819,0.21153928556751778
main_b,tfim_N8_g1.50,baseline,Mean-field SR,mx_error,5,0.11549700068201514,0.024221153293967592,0.09671663779564048,0.1342773635683898,0.0832138405185836,0.13883834044011478
main_b,tfim_N8_g1.50,baseline,Mean-field SR,infidelity,5,0.5203969726133189,0.02419775462687244,0.5017562067537662,0.5390377384728716,0.48748838461771415,0.5439833203302311
main_b,tfim_N8_g1.50,baseline,Mean-field SR,mc_energy_error,5,0.06679433025376037,0.0009834018976118209,0.0660405452240847,0.06754811528343604,0.06549067912103301,0.06789366992253153
main_b,tfim_N8_g1.50,baseline,Mean-field SR,n_params,5,8.0,0.0,8.0,8.0,8.0,8.0
main_b,tfim_N8_g1.50,baseline,Mean-field SR,runtime_s,5,0.3274433135986328,0.02285354178847737,0.3080758094787598,0.3426694393157959,0.2893497943878174,0.3482520580291748
main_b,tfim_N8_g1.50,baseline,Jastrow SR,energy,5,-13.384504441902072,1.4830935622393743e-05,-13.384515396521511,-13.384492967599993,-13.384522042751469,-13.384482367140471
main_b,tfim_N8_g1.50,baseline,Jastrow SR,rel_energy_error,5,3.741434836651276e-05,1.1080261353642249e-06,3.659592362559052e-05,3.82715988404833e-05,3.60993806777208e-05,3.90635641278623e-05
main_b,tfim_N8_g1.50,baseline,Jastrow SR,mz_error,5,0.0022968428862847334,0.00030998045131185747,0.002061458692954854,0.0025258312837587505,0.0019635274427686755,0.0027008377970036967
main_b,tfim_N8_g1.50,baseline,Jastrow SR,mx_error,5,0.0008638281622135313,0.0002338912764700218,0.0006912243485814873,0.0010499737213776283,0.0006430306357451121,0.0012104480481721636
main_b,tfim_N8_g1.50,baseline,Jastrow SR,infidelity,5,5.7039510157919084e-05,3.985551394614536e-06,5.390493920691686e-05,5.997041239118595e-05,5.222895946344064e-05,6.129979876756675e-05
main_b,tfim_N8_g1.50,baseline,Jastrow SR,mc_energy_error,5,5.364011512500077e-05,7.803797598561452e-05,-6.82902033587135e-06,0.0001186867098201277,-4.779830395270936e-05,0.0001646683654595581
main_b,tfim_N8_g1.50,baseline,Jastrow SR,n_params,5,36.0,0.0,36.0,36.0,36.0,36.0
main_b,tfim_N8_g1.50,baseline,Jastrow SR,runtime_s,5,0.4215363025665283,0.02154362497080298,0.40239908933639523,0.4382526397705078,0.3877081871032715,0.44784998893737793
main_b,tfim_N8_g1.50,baseline,RBM alpha=1 SR,energy,5,-13.384954183103579,1.381312539439564e-05,-13.38496626883278,-13.384945668330735,-13.38497781154728,-13.384944148723331
main_b,tfim_N8_g1.50,baseline,RBM alpha=1 SR,rel_energy_error,5,3.8139728961507322e-06,1.031985057187684e-06,2.9110424164143574e-06,4.450115556787244e-06,2.048680818641523e-06,4.563646136438575e-06
main_b,tfim_N8_g1.50,baseline,RBM alpha=1 SR,mz_error,5,0.00014309744233410583,0.0001262246768850333,4.964514271036391e-05,0.00024146885812372786,3.53094431073675e-05,0.00029384155488321184
main_b,tfim_N8_g1.50,baseline,RBM alpha=1 SR,mx_error,5,9.075375572169531e-05,8.0165850587768e-05,3.9559908095476716e-05,0.00015837771419502378,1.833621835956034e-05,0.0002239830669790166
main_b,tfim_N8_g1.50,baseline,RBM alpha=1 SR,infidelity,5,4.719691301047213e-06,1.2366252067892989e-06,3.6488715228211177e-06,5.489411853343285e-06,2.6236955580349886e-06,5.7554533356984905e-06
main_b,tfim_N8_g1.50,baseline,RBM alpha=1 SR,mc_energy_error,5,2.872110985517245e-06,2.2682377691894345e-05,-1.34048874907003e-05,2.086079156955143e-05,-2.473898610583974e-05,3.6758109407260754e-05
main_b,tfim_N8_g1.50,baseline,RBM alpha=1 SR,n_params,5,80.0,0.0,80.0,80.0,80.0,80.0
main_b,tfim_N8_g1.50,baseline,RBM alpha=1 SR,runtime_s,5,0.6840641498565674,0.027005832985920093,0.6615949630737304,0.7036170959472656,0.6431539058685303,0.7131907939910889
main_b,tfim_N8_g1.50,method,RBM alpha=2 SR,energy,5,-13.384991326669105,4.751072203190746e-06,-13.384994953599213,-13.384987676974184,-13.384996432175639,-13.384984838248204
main_b,tfim_N8_g1.50,method,RBM alpha=2 SR,rel_energy_error,5,1.0389597467511173e-06,3.549548259369786e-07,7.679901025290231e-07,1.3116301616372819e-06,6.575249673658801e-07,1.52371270653513e-06
main_b,tfim_N8_g1.50,method,RBM alpha=2 SR,mz_error,5,6.005625823646277e-05,5.045041924107123e-05,2.009644435135849e-05,0.00010001607212156705,2.725026502614636e-06,0.00011154782498729032
main_b,tfim_N8_g1.50,method,RBM alpha=2 SR,mx_error,5,0.00011303314618027471,5.600376537326939e-05,6.968260204303079e-05,0.000157750342817331,3.718364900862081e-05,0.00018396321696578788
main_b,tfim_N8_g1.50,method,RBM alpha=2 SR,infidelity,5,1.5606611108776035e-06,5.593396965855401e-07,1.1544787110739918e-06,2.0063162459299373e-06,1.0037641690052723e-06,2.3962355160112025e-06
main_b,tfim_N8_g1.50,method,RBM alpha=2 SR,mc_energy_error,5,-9.283306151080265e-06,8.461964675504113e-06,-1.5817690964231088e-05,-2.748921337929443e-06,-1.9480563245281104e-05,-2.7100808648012925e-08
main_b,tfim_N8_g1.50,method,RBM alpha=2 SR,n_params,5,152.0,0.0,152.0,152.0,152.0,152.0
main_b,tfim_N8_g1.50,method,RBM alpha=2 SR,runtime_s,5,1.0743591785430908,0.0513583940811362,1.0321170806884765,1.1126250267028808,1.0003337860107422,1.1286671161651611
main_b,tfim_N8_g1.50,baseline,RBM alpha=4 SR,energy,5,-13.384989351186007,4.062709570069761e-06,-13.384992363003713,-13.384986286705464,-13.384993853061893,-13.384983583409074
main_b,tfim_N8_g1.50,baseline,RBM alpha=4 SR,rel_energy_error,5,1.186549012927299e-06,3.035269320214105e-07,9.615347036218128e-07,1.4154977880432134e-06,8.50211759745917e-07,1.6174623250132175e-06
main_b,tfim_N8_g1.50,baseline,RBM alpha=4 SR,mz_error,5,5.4152508158000765e-05,2.8988320492620176e-05,2.8522220560178725e-05,7.231302131784911e-05,4.953724084266753e-06,7.609351548709675e-05
main_b,tfim_N8_g1.50,baseline,RBM alpha=4 SR,mx_error,5,0.00010339034125113055,7.351756224752518e-05,4.5703478484804275e-05,0.00016015127149983399,2.5289997717559132e-05,0.00018763367180996138
main_b,tfim_N8_g1.50,baseline,RBM alpha=4 SR,infidelity,5,1.7607105558870017e-06,5.396897830522425e-07,1.3582673561440828e-06,2.174199297133583e-06,1.134567070848469e-06,2.5101280831663075e-06
main_b,tfim_N8_g1.50,baseline,RBM alpha=4 SR,mc_energy_error,5,8.42906543778958e-06,8.60885035912056e-06,1.0871588838950116e-06,1.4325057269692272e-05,-5.287604041970613e-06,1.5868238809662076e-05
main_b,tfim_N8_g1.50,baseline,RBM alpha=4 SR,n_params,5,296.0,0.0,296.0,296.0,296.0,296.0
main_b,tfim_N8_g1.50,baseline,RBM alpha=4 SR,runtime_s,5,1.8725288391113282,0.10023653109486516,1.793677520751953,1.947928524017334,1.7496228218078613,2.000594139099121
main_b,tfim_N12_g1.00,baseline,Mean-field SGD,energy,5,-14.996883096009816,0.0006306159613900704,-14.997384230915921,-14.996381961103713,-14.99760857815645,-14.996223508114415
main_b,tfim_N12_g1.00,baseline,Mean-field SGD,rel_energy_error,5,0.021256977154290563,4.1155950096119334e-05,0.021224271538749888,0.02128968276983123,0.02120962994322977,0.021300023902500645
main_b,tfim_N12_g1.00,baseline,Mean-field SGD,mz_error,5,0.17672062721199278,0.001716025492364104,0.17527148425820513,0.17803237537012578,0.17420255078989022,0.17886024415319157
main_b,tfim_N12_g1.00,baseline,Mean-field SGD,mx_error,5,0.14254526776198234,0.0029957582386347294,0.14001763677061257,0.14478623483117345,0.13810630519616873,0.14622964345749495
main_b,tfim_N12_g1.00,baseline,Mean-field SGD,infidelity,5,0.6139823629676295,0.0011033944135065497,0.6130578389847287,0.6147655925721359,0.6123206170014802,0.6153002550257511
main_b,tfim_N12_g1.00,baseline,Mean-field SGD,mc_energy_error,5,0.021669797293467113,0.00022669209183853625,0.021477267509503378,0.021841219476070074,0.021327516879089275,0.02193410349003377
main_b,tfim_N12_g1.00,baseline,Mean-field SGD,n_params,5,12.0,0.0,12.0,12.0,12.0,12.0
main_b,tfim_N12_g1.00,baseline,Mean-field SGD,runtime_s,5,0.38106961250305177,0.01972389524834424,0.3656867027282715,0.396452522277832,0.3594179153442383,0.4054703712463379
main_b,tfim_N12_g1.00,baseline,Jastrow SGD,energy,5,-15.229975324297119,0.0014012960300005763,-15.23118801355331,-15.2289550181261,-15.232034063105596,-15.228555395943927
main_b,tfim_N12_g1.00,baseline,Jastrow SGD,rel_energy_error,5,0.006044656657075808,9.145291748436301e-05,0.0059655128015974465,0.006111244996776439,0.005910296988352683,0.006137325577658578
main_b,tfim_N12_g1.00,baseline,Jastrow SGD,mz_error,5,0.09538704275615198,0.004986087360744768,0.09082614053534088,0.0985737601500695,0.08694704745737925,0.1001358184010821
main_b,tfim_N12_g1.00,baseline,Jastrow SGD,mx_error,5,0.06371131368571765,0.005654087557898995,0.05858992325748913,0.06730921507579295,0.05411615763101618,0.06905918918380682
main_b,tfim_N12_g1.00,baseline,Jastrow SGD,infidelity,5,0.5069206500878749,0.002187722922051583,0.505099458564864,0.5084819340243715,0.5036792016879859,0.5094386247220535
main_b,tfim_N12_g1.00,baseline,Jastrow SGD,mc_energy_error,5,0.006020608172905899,0.0003758898549555707,0.005729273406958767,0.006311942938853031,0.005666920076637027,0.0064502836135235915
main_b,tfim_N12_g1.00,baseline,Jastrow SGD,n_params,5,78.0,0.0,78.0,78.0,78.0,78.0
main_b,tfim_N12_g1.00,baseline,Jastrow SGD,runtime_s,5,0.525715446472168,0.009025455456607805,0.5188316822052002,0.532738733291626,0.5173649787902832,0.5382938385009766
main_b,tfim_N12_g1.00,baseline,RBM alpha=1 SGD,energy,5,-15.027943228097474,0.0024829861183293333,-15.029759486921197,-15.025915930504942,-15.03032241268744,-15.024209012017062
main_b,tfim_N12_g1.00,baseline,RBM alpha=1 SGD,rel_energy_error,5,0.01922989676866302,0.0001620473616796372,0.019111362094490325,0.019362204486287622,0.01907462381610394,0.01947360327161368
main_b,tfim_N12_g1.00,baseline,RBM alpha=1 SGD,mz_error,5,0.17026641948416835,0.004270278040734899,0.1675737283790138,0.17400837150177456,0.1667098712541064,0.17748532867361
main_b,tfim_N12_g1.00,baseline,RBM alpha=1 SGD,mx_error,5,0.13181617446095734,0.007255971648029168,0.12727126836937042,0.1381776048902983,0.12580731194779093,0.14411445129453582
main_b,tfim_N12_g1.00,baseline,RBM alpha=1 SGD,infidelity,5,0.6021068694311595,0.0031394619920850847,0.6001634249203676,0.6048679660231168,0.5996550102974115,0.6074280053650432
main_b,tfim_N12_g1.00,baseline,RBM alpha=1 SGD,mc_energy_error,5,0.019751703149660092,0.0011740076333753996,0.018907612695982498,0.02075246810139996,0.018801411755426267,0.021555125758009153
main_b,tfim_N12_g1.00,baseline,RBM alpha=1 SGD,n_params,5,168.0,0.0,168.0,168.0,168.0,168.0
main_b,tfim_N12_g1.00,baseline,RBM alpha=1 SGD,runtime_s,5,0.915310001373291,0.04420212862224264,0.879444169998169,0.9484683513641358,0.856370210647583,0.9717400074005127
main_b,tfim_N12_g1.00,baseline,RBM alpha=2 SGD,energy,5,-15.051013026214616,0.004906036971355524,-15.054653233326539,-15.046748263533917,-15.056687930055167,-15.043482652442632
main_b,tfim_N12_g1.00,baseline,RBM alpha=2 SGD,rel_energy_error,5,0.017724290316905512,0.0003201831623810896,0.017486719130299797,0.0180026219336228,0.017353928522144867,0.018215745824131754
main_b,tfim_N12_g1.00,baseline,RBM alpha=2 SGD,mz_error,5,0.16493002906788298,0.004832343643165678,0.16121533898438528,0.16861709798673866,0.15881061992166357,0.1708342152352721
main_b,tfim_N12_g1.00,baseline,RBM alpha=2 SGD,mx_error,5,0.12372955658836908,0.007927590643614424,0.11768810298704475,0.12977101018969342,0.11378227084651882,0.13366396500069577
main_b,tfim_N12_g1.00,baseline,RBM alpha=2 SGD,infidelity,5,0.5939277293148557,0.0036211356528355254,0.5910220534706978,0.5966495116508673,0.5890359588181251,0.5977437442872766
main_b,tfim_N12_g1.00,baseline,RBM alpha=2 SGD,mc_energy_error,5,0.018000123526207397,0.0006928814698194745,0.01741657636831196,0.018452968298240984,0.01689743378722126,0.018733040340441896
main_b,tfim_N12_g1.00,baseline,RBM alpha=2 SGD,n_params,5,324.0,0.0,324.0,324.0,324.0,324.0
main_b,tfim_N12_g1.00,baseline,RBM alpha=2 SGD,runtime_s,5,1.3894031524658204,0.06428983451570217,1.3476934432983398,1.4463066577911377,1.325441837310791,1.4955151081085205
main_b,tfim_N12_g1.00,baseline,RBM alpha=4 SGD,energy,5,-15.07751963028195,0.006129937334168758,-15.082522519560646,-15.07329307713621,-15.08729338370585,-15.07088471636502
main_b,tfim_N12_g1.00,baseline,RBM alpha=4 SGD,rel_energy_error,5,0.015994387268108198,0.000400058689388283,0.015667883224284414,0.016270225212272366,0.015356521859047817,0.016427402292749388
main_b,tfim_N12_g1.00,baseline,RBM alpha=4 SGD,mz_error,5,0.15950226067849116,0.003996639021178175,0.1565816385998467,0.16241664144561732,0.1545729391990469,0.1646164362030459
main_b,tfim_N12_g1.00,baseline,RBM alpha=4 SGD,mx_error,5,0.11647690641734025,0.006331592952342084,0.11158939490205592,0.12104437449152017,0.10831100479406297,0.12470295533402775
main_b,tfim_N12_g1.00,baseline,RBM alpha=4 SGD,infidelity,5,0.5848079908730904,0.0030310143587766137,0.5824113693198771,0.5871276328845771,0.5807838276081172,0.5882034494499498
main_b,tfim_N12_g1.00,baseline,RBM alpha=4 SGD,mc_energy_error,5,0.016522136844494377,0.0010594904398115272,0.015754729638601677,0.01740328842767625,0.015606979801922844,0.018098501075692518
main_b,tfim_N12_g1.00,baseline,RBM alpha=4 SGD,n_params,5,636.0,0.0,636.0,636.0,636.0,636.0
main_b,tfim_N12_g1.00,baseline,RBM alpha=4 SGD,runtime_s,5,2.6596491813659666,0.05165373024565507,2.6210275650024415,2.699463367462158,2.604543924331665,2.732161045074463
main_b,tfim_N12_g0.50,baseline,Mean-field SR,energy,5,-12.748333318285763,0.0017984317232637164,-12.749367209552204,-12.746686768283912,-12.749428154512717,-12.745206397936846
main_b,tfim_N12_g0.50,baseline,Mean-field SR,rel_energy_error,5,0.0011154362863637435,0.0001409145527028018,0.0010344266358610517,0.001244450278950798,0.001029651346513191,0.001360443409294857
main_b,tfim_N12_g0.50,baseline,Mean-field SR,mz_error,5,0.004510502548980044,0.0011318563438666813,0.0035205070633097524,0.005311296899146489,0.0027517893426697304,0.005497726570532935
main_b,tfim_N12_g0.50,baseline,Mean-field SR,mx_error,5,0.01252354398090364,0.004090805145817782,0.008953731913812591,0.015448692508892987,0.0062487573448619105,0.01617731843726508
main_b,tfim_N12_g0.50,baseline,Mean-field SR,infidelity,5,0.5022474265208737,0.00012823831122340303,0.5021792936124887,0.5023620687158286,0.502167681759547,0.5024743992831482
main_b,tfim_N12_g0.50,baseline,Mean-field SR,mc_energy_error,5,0.0013014621004397244,0.00014200549150909634,0.0011930419260876772,0.001417619311305489,0.0011148591114636631,0.0014996860791267198
main_b,tfim_N12_g0.50,baseline,Mean-field SR,n_params,5,12.0,0.0,12.0,12.0,12.0,12.0
main_b,tfim_N12_g0.50,baseline,Mean-field SR,runtime_s,5,0.3535953998565674,0.034362426120649305,0.32692694664001465,0.3796814441680908,0.30886292457580566,0.3955810070037842
main_b,tfim_N12_g0.50,baseline,Jastrow SR,energy,5,-12.76177216262789,5.593055713078409e-05,-12.761812890487137,-12.761724931370138,-12.76181665192055,-12.761689246724579
main_b,tfim_N12_g0.50,baseline,Jastrow SR,rel_energy_error,5,6.244733225178328e-05,4.382390134090609e-06,5.925613628125512e-05,6.614809635315173e-05,5.896141243928264e-05,6.894413570394231e-05
main_b,tfim_N12_g0.50,baseline,Jastrow SR,mz_error,5,0.0010690798907076805,0.00010786431850280866,0.0009969822521309402,0.0011599966380001047,0.000964003932917179,0.001245885708019645
main_b,tfim_N12_g0.50,baseline,Jastrow SR,mx_error,5,0.0036305642430629727,0.0003620091493888809,0.003371548915182676,0.003921796290198632,0.0032299762318019343,0.004198112516775987
main_b,tfim_N12_g0.50,baseline,Jastrow SR,infidelity,5,0.5000465225111622,3.8305598270502725e-06,0.5000436701396798,0.5000497103787154,0.500042209748212,0.5000515893179944
main_b,tfim_N12_g0.50,baseline,Jastrow SR,mc_energy_error,5,9.017136241629069e-05,6.136915010414686e-05,4.2103371838227255e-05,0.00013666378591607265,1.7220880173706005e-05,0.00015796585311295851
main_b,tfim_N12_g0.50,baseline,Jastrow SR,n_params,5,78.0,0.0,78.0,78.0,78.0,78.0
main_b,tfim_N12_g0.50,baseline,Jastrow SR,runtime_s,5,0.510237741470337,0.04964908287701851,0.4706557273864746,0.5498197555541993,0.45774316787719727,0.5642039775848389
main_b,tfim_N12_g0.50,baseline,RBM alpha=1 SR,energy,5,-12.761790184068616,0.00012433413324015085,-12.761883500950377,-12.76168374026643,-12.761945030100017,-12.761605351655337
main_b,tfim_N12_g0.50,baseline,RBM alpha=1 SR,rel_energy_error,5,6.103527794474047e-05,9.742092816450365e-06,5.3723514877290184e-05,6.937558943970762e-05,4.890245189957673e-05,7.551766084939111e-05
main_b,tfim_N12_g0.50,baseline,RBM alpha=1 SR,mz_error,5,0.000597705665186754,9.534747133394203e-05,0.0005248653524810631,0.000670545977892445,0.00048749052995500364,0.0006833785193195441
main_b,tfim_N12_g0.50,baseline,RBM alpha=1 SR,mx_error,5,0.001330348036454787,0.00032774729800183136,0.0010724222834020858,0.001576762001156673,0.0009242834362152008,0.001750682300576012
main_b,tfim_N12_g0.50,baseline,RBM alpha=1 SR,infidelity,5,0.500074993898161,1.5718894612638443e-05,0.5000633834180549,0.5000886577328914,0.5000555200517746,0.5000991304061246
main_b,tfim_N12_g0.50,baseline,RBM alpha=1 SR,mc_energy_error,5,0.0001615794734416052,6.806396865470818e-05,0.00010281314954806739,0.0002097271613194516,5.576941731054023e-05,0.00021485952457065723
main_b,tfim_N12_g0.50,baseline,RBM alpha=1 SR,n_params,5,168.0,0.0,168.0,168.0,168.0,168.0
main_b,tfim_N12_g0.50,baseline,RBM alpha=1 SR,runtime_s,5,1.0503221035003663,0.07630838472853849,0.9894867897033691,1.1111574172973633,0.9687843322753906,1.1322097778320312
main_b,tfim_N12_g0.50,method,RBM alpha=2 SR,energy,5,-12.762032779915666,0.00020540620382658784,-12.762163208183845,-12.76185109531468,-12.762179838416275,-12.76168442989067
main_b,tfim_N12_g0.50,method,RBM alpha=2 SR,rel_energy_error,5,4.202689145321296e-05,1.609442435957261e-05,3.1807297996875564e-05,5.626263026434872e-05,3.050425060622343e-05,6.932155453309527e-05
main_b,tfim_N12_g0.50,method,RBM alpha=2 SR,mz_error,5,0.0005227320143677882,0.00021748024441503342,0.0003639784659741352,0.0006844571462452764,0.00028518584905279365,0.0008234471196022497
main_b,tfim_N12_g0.50,method,RBM alpha=2 SR,mx_error,5,0.001281467637835898,0.0008224599433731724,0.0006875951298247251,0.00194777242986921,0.00044583460385244633,0.0025266010926875415
main_b,tfim_N12_g0.50,method,RBM alpha=2 SR,infidelity,5,0.5000598212236398,2.4498849049477763e-05,0.5000449507907551,0.500081107786144,0.5000403961679043,0.5001018362209763
main_b,tfim_N12_g0.50,method,RBM alpha=2 SR,mc_energy_error,5,3.95500135249702e-05,4.9958360244938974e-05,6.122788694107136e-07,7.848774818052968e-05,-7.202836742008471e-06,9.516693529218824e-05
main_b,tfim_N12_g0.50,method,RBM alpha=2 SR,n_params,5,324.0,0.0,324.0,324.0,324.0,324.0
main_b,tfim_N12_g0.50,method,RBM alpha=2 SR,runtime_s,5,1.8963728427886963,0.067746783914618,1.8458420753479003,1.9479197978973388,1.8411030769348145,1.9760799407958984
main_b,tfim_N12_g0.50,baseline,RBM alpha=4 SR,energy,5,-12.761966695482668,0.000170921478744477,-12.762109207968962,-12.761834832633747,-12.762213102687454,-12.761746877281844
main_b,tfim_N12_g0.50,baseline,RBM alpha=4 SR,rel_energy_error,5,4.720487969538151e-05,1.3392403733052866e-05,3.6038437844954706e-05,5.753687847708563e-05,2.789785758579076e-05,6.442854353799697e-05
main_b,tfim_N12_g0.50,baseline,RBM alpha=4 SR,mz_error,5,0.0005222981522945869,0.00023046565931423782,0.00036386657688569635,0.0007215455602545218,0.00029416258921111105,0.0008890372983400008
main_b,tfim_N12_g0.50,baseline,RBM alpha=4 SR,mx_error,5,0.001159809247773047,0.0008529900634853851,0.0006054673615349837,0.0019049265554607398,0.00046994626798702033,0.0025611196426747473
main_b,tfim_N12_g0.50,baseline,RBM alpha=4 SR,infidelity,5,0.5000684857926773,2.4427553529038013e-05,0.5000503223484222,0.500090569428513,0.5000405708945194,0.5001079693014874
main_b,tfim_N12_g0.50,baseline,RBM alpha=4 SR,mc_energy_error,5,1.8277300336350087e-05,3.245923807952325e-05,-3.6420314029012526e-06,4.698501932731034e-05,-1.640758604644774e-05,7.093194734840677e-05
main_b,tfim_N12_g0.50,baseline,RBM alpha=4 SR,n_params,5,636.0,0.0,636.0,636.0,636.0,636.0
main_b,tfim_N12_g0.50,baseline,RBM alpha=4 SR,runtime_s,5,4.166219472885132,0.20711039040674364,3.9878068923950196,4.31405668258667,3.8525550365448,4.325102090835571
main_b,tfim_N12_g1.50,baseline,Mean-field SGD,energy,5,-18.7240300799681,0.007769432060604548,-18.730525078613347,-18.718684248861955,-18.736267251211977,-18.716505200820293
main_b,tfim_N12_g1.50,baseline,Mean-field SGD,rel_energy_error,5,0.06681383908846592,0.0003872204031989495,0.06649013511955619,0.06708026974391239,0.0662039512168546,0.067188871229155
main_b,tfim_N12_g1.50,baseline,Mean-field SGD,mz_error,5,0.26923027766453095,0.007188380190157671,0.2641098802299909,0.27516121072486655,0.2619705879516804,0.28038947210980647
main_b,tfim_N12_g1.50,baseline,Mean-field SGD,mx_error,5,0.11670746944643899,0.006484604472964933,0.11190689088052137,0.1220273837650312,0.10971439711459052,0.12658188525544023
main_b,tfim_N12_g1.50,baseline,Mean-field SGD,infidelity,5,0.6582452572970319,0.0071130600463066756,0.6528003753121936,0.6639758156810737,0.6501133302307889,0.6687390641789221
main_b,tfim_N12_g1.50,baseline,Mean-field SGD,mc_energy_error,5,0.0658888690512208,0.001131471454349752,0.06489502312882893,0.06662361427750918,0.06399339180234168,0.06675647141104536
main_b,tfim_N12_g1.50,baseline,Mean-field SGD,n_params,5,12.0,0.0,12.0,12.0,12.0,12.0
main_b,tfim_N12_g1.50,baseline,Mean-field SGD,runtime_s,5,0.35831804275512696,0.03488194830761614,0.3291164398193359,0.3843815803527832,0.3069648742675781,0.40326976776123047
main_b,tfim_N12_g1.50,baseline,Jastrow SGD,energy,5,-20.06400978194907,1.8122647679934428e-05,-20.064024164306737,-20.063997304896922,-20.06403791423272,-20.06398928105098
main_b,tfim_N12_g1.50,baseline,Jastrow SGD,rel_energy_error,5,3.064612997931982e-05,9.032138889672988e-07,2.9929328249660283e-05,3.126797326624846e-05,2.9244046256986617e-05,3.166787339292044e-05
main_b,tfim_N12_g1.50,baseline,Jastrow SGD,mz_error,5,0.0007398447709333733,0.000429121989737126,0.000452566154884082,0.001115806944991915,0.000412658676301747,0.0014467599957586619
main_b,tfim_N12_g1.50,baseline,Jastrow SGD,mx_error,5,0.0003530487477185318,0.00024643341280655625,0.00016566473593275787,0.0005382815757232429,6.637069516046701e-05,0.0005701893941238989
main_b,tfim_N12_g1.50,baseline,Jastrow SGD,infidelity,5,7.008377826012158e-05,3.8881493286071315e-06,6.709533058684159e-05,7.307222593340157e-05,6.554240983169812e-05,7.437112862174189e-05
main_b,tfim_N12_g1.50,baseline,Jastrow SGD,mc_energy_error,5,-1.1658099501955346e-05,5.352668662345469e-05,-5.764531006198501e-05,3.0079127460534634e-05,-9.312552287143685e-05,5.6614067568260635e-05
main_b,tfim_N12_g1.50,baseline,Jastrow SGD,n_params,5,78.0,0.0,78.0,78.0,78.0,78.0
main_b,tfim_N12_g1.50,baseline,Jastrow SGD,runtime_s,5,0.5196778774261475,0.02744585501394687,0.4976227283477783,0.5392638683319092,0.47952723503112793,0.5541980266571045
main_b,tfim_N12_g1.50,baseline,RBM alpha=1 SGD,energy,5,-20.022973573085746,0.00634685834206934,-20.027861204124427,-20.018085942047072,-20.031356708350515,-20.0159570336481
main_b,tfim_N12_g1.50,baseline,RBM alpha=1 SGD,rel_energy_error,5,0.002075848046659323,0.00031632081046609087,0.0018322536054274786,0.0023194424878911664,0.0016580413148433867,0.0024255450655564616
main_b,tfim_N12_g1.50,baseline,RBM alpha=1 SGD,mz_error,5,0.0030555002156337995,0.0016311377408706482,0.0017853391317584344,0.004325661299509165,0.0012348330497780613,0.005046458290041911
main_b,tfim_N12_g1.50,baseline,RBM alpha=1 SGD,mx_error,5,0.003782328957577086,0.0016368939365248374,0.002526608452108192,0.005038049463045979,0.0019569257385970706,0.005928007977661243
main_b,tfim_N12_g1.50,baseline,RBM alpha=1 SGD,infidelity,5,0.0050398205833145585,0.0006875641970428806,0.004480263378891558,0.005547152549764012,0.004181983251605459,0.005911688449063535
main_b,tfim_N12_g1.50,baseline,RBM alpha=1 SGD,mc_energy_error,5,0.0023727153240733776,0.0007227741199469318,0.0018065230263843081,0.002910963393270149,0.0013312754747620953,0.0030798593858613324
main_b,tfim_N12_g1.50,baseline,RBM alpha=1 SGD,n_params,5,168.0,0.0,168.0,168.0,168.0,168.0
main_b,tfim_N12_g1.50,baseline,RBM alpha=1 SGD,runtime_s,5,1.1208076000213623,0.034139216511595634,1.094292449951172,1.1472142219543457,1.0758190155029297,1.1696529388427734
main_b,tfim_N12_g1.50,baseline,RBM alpha=2 SGD,energy,5,-20.0431417597809,0.000592460266192011,-20.04357920261637,-20.042662241021443,-20.04387133356693,-20.042248762366157
main_b,tfim_N12_g1.50,baseline,RBM alpha=2 SGD,rel_energy_error,5,0.001070686623919267,2.9527602708782277e-05,0.0010488849285300555,0.001094585339543946,0.0010343254261633327,0.001115192685146651
main_b,tfim_N12_g1.50,baseline,RBM alpha=2 SGD,mz_error,5,0.003097597915149031,0.0015560510667247754,0.0019828511869930954,0.004282053547559106,0.0014024469631912506,0.005354819185121817
main_b,tfim_N12_g1.50,baseline,RBM alpha=2 SGD,mx_error,5,0.0015319100227229043,0.0007511580813310844,0.0009278585264340222,0.002043773937035742,0.00034065575072972365,0.0022923707495809964
main_b,tfim_N12_g1.50,baseline,RBM alpha=2 SGD,infidelity,5,0.002594235317665139,0.0001695561484672525,0.002485062793630122,0.0027359306059768773,0.0024372218465593676,0.002876057402956378
main_b,tfim_N12_g1.50,baseline,RBM alpha=2 SGD,mc_energy_error,5,0.0010922233432065283,0.00044345150693535663,0.000741373746900186,0.0014430729395128708,0.000607764905121712,0.0015312525756375679
main_b,tfim_N12_g1.50,baseline,RBM alpha=2 SGD,n_params,5,324.0,0.0,324.0,324.0,324.0,324.0
main_b,tfim_N12_g1.50,baseline,RBM alpha=2 SGD,runtime_s,5,1.9192471504211426,0.09188148658271539,1.8471470832824708,1.9913472175598144,1.8217058181762695,2.0172019004821777
main_b,tfim_N12_g1.50,baseline,RBM alpha=4 SGD,energy,5,-20.0470948695857,0.0005190754400378184,-20.047497661631805,-20.04669207753959,-20.047631810080983,-20.04647252715226
main_b,tfim_N12_g1.50,baseline,RBM alpha=4 SGD,rel_energy_error,5,0.0008736677478202271,2.5870179392180792e-05,0.0008535930116896198,0.0008937424839508346,0.0008469071926778221,0.0009046846466251715
main_b,tfim_N12_g1.50,baseline,RBM alpha=4 SGD,mz_error,5,0.002242762760429007,0.0027466112540883636,0.0005230226588316845,0.004578254190671371,0.00012801630348791004,0.006886735523220722
main_b,tfim_N12_g1.50,baseline,RBM alpha=4 SGD,mx_error,5,0.0008687151312080754,0.0007492540025841358,0.000307756239975121,0.0014884857483285607,0.00018918268788781223,0.0019199344811642316
main_b,tfim_N12_g1.50,baseline,RBM alpha=4 SGD,infidelity,5,0.00218894734235473,0.00013872931353141823,0.0020994499751290307,0.0023069563382633216,0.0020743604301749485,0.002419652241060888
main_b,tfim_N12_g1.50,baseline,RBM alpha=4 SGD,mc_energy_error,5,0.0008301504211871344,0.00032191448666011934,0.0005875567516994635,0.0010888865664675715,0.0004808148322728019,0.0012705968381304862
main_b,tfim_N12_g1.50,baseline,RBM alpha=4 SGD,n_params,5,636.0,0.0,636.0,636.0,636.0,636.0
main_b,tfim_N12_g1.50,baseline,RBM alpha=4 SGD,runtime_s,5,3.007456636428833,0.18972885598367487,2.8746562004089355,3.1664746761322022,2.8122329711914062,3.3018510341644287
main_b,tfim_N12_g1.00,baseline,Mean-field SR,energy,5,-14.981661727235068,0.0036377291349898935,-14.984122529244882,-14.978660552767423,-14.985535692018445,-14.975808621936757
main_b,tfim_N12_g1.00,baseline,Mean-field SR,rel_energy_error,5,0.022250370807562408,0.00023740946615908288,0.022089771249488424,0.022446236745287416,0.021997543871578686,0.022632362581188382
main_b,tfim_N12_g1.00,baseline,Mean-field SR,mz_error,5,0.17910304615104694,0.006655859550105105,0.17319751273933076,0.18310017122318648,0.167613856474214,0.1847567534210347
main_b,tfim_N12_g1.00,baseline,Mean-field SR,mx_error,5,0.14806024517381947,0.011586451185921996,0.1378423885796699,0.15519381430950788,0.12806012838958913,0.1577160653282395
main_b,tfim_N12_g1.00,baseline,Mean-field SR,infidelity,5,0.6173063336079883,0.0042022489709867845,0.6136307422545757,0.6199002959821567,0.6100618158278743,0.6206107243738513
main_b,tfim_N12_g1.00,baseline,Mean-field SR,mc_energy_error,5,0.021777858201881158,0.0006004182583823549,0.021238083442651705,0.02207712656279775,0.02070667045874001,0.022116083142980428
main_b,tfim_N12_g1.00,baseline,Mean-field SR,n_params,5,12.0,0.0,12.0,12.0,12.0,12.0
main_b,tfim_N12_g1.00,baseline,Mean-field SR,runtime_s,5,0.3165138244628906,0.02149901529895751,0.2998827934265137,0.33312644958496096,0.28611302375793457,0.3415191173553467
main_b,tfim_N12_g1.00,baseline,Jastrow SR,energy,5,-15.257243988534665,0.0016324051826934402,-15.258560372029274,-15.256004927791377,-15.259525802789202,-15.255705954146165
main_b,tfim_N12_g1.00,baseline,Jastrow SR,rel_energy_error,5,0.004265019202148971,0.00010653581632866235,0.004179107939622989,0.0043458841425245255,0.004116100939150483,0.004365396088266627
main_b,tfim_N12_g1.00,baseline,Jastrow SR,mz_error,5,0.031981296450227646,0.01382373175980957,0.019877986440342353,0.04179452025837593,0.01150166604791325,0.04334860020140863
main_b,tfim_N12_g1.00,baseline,Jastrow SR,mx_error,5,0.01826867925981639,0.007973050309908124,0.011202842644845811,0.023857601616397384,0.006325900688013419,0.024817875168292036
main_b,tfim_N12_g1.00,baseline,Jastrow SR,infidelity,5,0.39626853032881215,0.029420662958249556,0.3702883306265965,0.4167680652903508,0.35023273630661333,0.4192351204461252
main_b,tfim_N12_g1.00,baseline,Jastrow SR,mc_energy_error,5,0.0042026715014629465,0.0001770304174204591,0.004066925637598625,0.004340669514503346,0.004022825749433465,0.004429196464188847
main_b,tfim_N12_g1.00,baseline,Jastrow SR,n_params,5,78.0,0.0,78.0,78.0,78.0,78.0
main_b,tfim_N12_g1.00,baseline,Jastrow SR,runtime_s,5,0.4701657295227051,0.023704128227992557,0.4514167308807373,0.487857723236084,0.44126200675964355,0.491987943649292
main_b,tfim_N12_g1.00,baseline,RBM alpha=1 SR,energy,5,-15.320422923865573,0.00040345664803774966,-15.320724873654703,-15.320075343134878,-15.320930205225519,-15.319807198741524
main_b,tfim_N12_g1.00,baseline,RBM alpha=1 SR,rel_energy_error,5,0.00014176627351895077,2.6330829997474508e-05,0.0001220600954103383,0.0001644504681524659,0.00010865952136905469,0.00018195040146726701
main_b,tfim_N12_g1.00,baseline,RBM alpha=1 SR,mz_error,5,0.00427007896391125,0.00039158444168194015,0.0040285467733727435,0.004611883725631483,0.0039284023962660175,0.004933355816635787
main_b,tfim_N12_g1.00,baseline,RBM alpha=1 SR,mx_error,5,0.0023867970938896256,0.0007763445361127606,0.0018199997184172646,0.0030284603692345645,0.001784022700967336,0.0034450763687079444
main_b,tfim_N12_g1.00,baseline,RBM alpha=1 SR,infidelity,5,0.0016937853486197918,0.0008434965727919701,0.0010463077901280205,0.002341262907111563,0.0009449204622851148,0.002720807885168375
main_b,tfim_N12_g1.00,baseline,RBM alpha=1 SR,mc_energy_error,5,0.00022171257100560014,0.00016770844524856783,9.462295271996386e-05,0.0003463313182263705,1.3625977551837513e-05,0.0003668859256265698
main_b,tfim_N12_g1.00,baseline,RBM alpha=1 SR,n_params,5,168.0,0.0,168.0,168.0,168.0,168.0
main_b,tfim_N12_g1.00,baseline,RBM alpha=1 SR,runtime_s,5,1.0786250591278077,0.1359299907658935,0.9833514213562011,1.198117446899414,0.9733312129974365,1.2816801071166992
main_b,tfim_N12_g1.00,method,RBM alpha=2 SR,energy,5,-15.321375556758705,0.00014391337214586365,-15.32148762402684,-15.321263489490567,-15.3215432576925,-15.321242046165214
main_b,tfim_N12_g1.00,method,RBM alpha=2 SR,rel_energy_error,5,7.959450145688997e-05,9.392232237292982e-06,7.228064456625393e-05,8.690835834752598e-05,6.864981929711831e-05,8.830781615094933e-05
main_b,tfim_N12_g1.00,method,RBM alpha=2 SR,mz_error,5,0.003501967307870291,0.0008196126928027507,0.0028894877748170122,0.00408913342233026,0.002290098606671731,0.004272314963740365
main_b,tfim_N12_g1.00,method,RBM alpha=2 SR,mx_error,5,0.0018888466170300599,0.000525153214841597,0.0015380639424414477,0.0023137089088768547,0.001360217596771407,0.0027367353624789814
main_b,tfim_N12_g1.00,method,RBM alpha=2 SR,infidelity,5,0.00025268917592373706,2.557813743679321e-05,0.0002328761934781154,0.00027250215836935874,0.00022490283621934282,0.00027941980008761025
main_b,tfim_N12_g1.00,method,RBM alpha=2 SR,mc_energy_error,5,9.432219095935381e-05,7.356261690540859e-05,4.725847524315708e-05,0.00015679580078502682,2.4371956905884013e-05,0.00021617242095432033
main_b,tfim_N12_g1.00,method,RBM alpha=2 SR,n_params,5,324.0,0.0,324.0,324.0,324.0,324.0
main_b,tfim_N12_g1.00,method,RBM alpha=2 SR,runtime_s,5,2.1133468627929686,0.11288336412098307,2.031914234161377,2.2097495079040526,2.023983955383301,2.2768101692199707
main_b,tfim_N12_g1.00,baseline,RBM alpha=4 SR,energy,5,-15.321615051700537,7.30090348350625e-05,-15.32167292660839,-15.321557176792684,-15.321700453031573,-15.321544357344393
main_b,tfim_N12_g1.00,baseline,RBM alpha=4 SR,rel_energy_error,5,6.396432005074902e-05,4.764795656435679e-06,6.018722437786479e-05,6.774141572363324e-05,5.839076477691022e-05,6.857805260946769e-05
main_b,tfim_N12_g1.00,baseline,RBM alpha=4 SR,mz_error,5,0.0038838449797256036,0.0006582185871190516,0.0032834233436754624,0.004299764990755683,0.0027589740468352275,0.0044543356954607205
main_b,tfim_N12_g1.00,baseline,RBM alpha=4 SR,mx_error,5,0.0020633006256501442,0.0008629863333484167,0.0012959397322912514,0.0025808132564823618,0.0005708729601980878,0.0027899095758284753
main_b,tfim_N12_g1.00,baseline,RBM alpha=4 SR,infidelity,5,0.00022235517270428052,3.694783735827645e-05,0.0001918587779319081,0.0002500484112645474,0.00017263745449314083,0.0002580116460348947
main_b,tfim_N12_g1.00,baseline,RBM alpha=4 SR,mc_energy_error,5,4.836006819738338e-05,8.895338611833454e-05,-2.3073215688270935e-05,0.00011411872046189515,-8.21226685715351e-05,0.00013891092900941062
main_b,tfim_N12_g1.00,baseline,RBM alpha=4 SR,n_params,5,636.0,0.0,636.0,636.0,636.0,636.0
main_b,tfim_N12_g1.00,baseline,RBM alpha=4 SR,runtime_s,5,4.491587448120117,0.14604158976365994,4.378468084335327,4.604706811904907,4.323873996734619,4.676676034927368
main_b,tfim_N12_g1.50,baseline,Mean-field SR,energy,5,-18.693013845471324,0.028104869590521372,-18.714791516016042,-18.67238709673346,-18.725000603022977,-18.654625821142705
main_b,tfim_N12_g1.50,baseline,Mean-field SR,rel_energy_error,5,0.06835965591701978,0.0014007174333775835,0.06727427949525512,0.06938767159444434,0.06676546923006589,0.07027287507417843
main_b,tfim_N12_g1.50,baseline,Mean-field SR,mz_error,5,0.2641109944892004,0.010812839456871623,0.25568659123924425,0.27240410651568914,0.25033031236158176,0.27407022920802443
main_b,tfim_N12_g1.50,baseline,Mean-field SR,mx_error,5,0.1137585392865776,0.009866682176765614,0.10581319076985665,0.12124013772344344,0.10115296134278706,0.12423932729342313
main_b,tfim_N12_g1.50,baseline,Mean-field SR,infidelity,5,0.656569713969092,0.011257002340407746,0.6470706776759514,0.6648150679289568,0.6417688676488918,0.6695548749302951
main_b,tfim_N12_g1.50,baseline,Mean-field SR,mc_energy_error,5,0.06628166330728481,0.001754547247196525,0.06478022506797204,0.06753124018375578,0.06354643152791509,0.06779707785494012
main_b,tfim_N12_g1.50,baseline,Mean-field SR,n_params,5,12.0,0.0,12.0,12.0,12.0,12.0
main_b,tfim_N12_g1.50,baseline,Mean-field SR,runtime_s,5,0.3425172805786133,0.03289380972779146,0.3172175407409668,0.36781702041625974,0.30008912086486816,0.38055872917175293
main_b,tfim_N12_g1.50,baseline,Jastrow SR,energy,5,-20.064012523677153,1.2992073005761147e-05,-20.064022525731733,-20.064002778127765,-20.06403107923653,-20.06399913058555
main_b,tfim_N12_g1.50,baseline,Jastrow SR,rel_energy_error,5,3.0509485106498498e-05,6.475113890184383e-07,3.001099312257559e-05,3.0995193139214376e-05,2.9584695350462922e-05,3.1176982844235625e-05
main_b,tfim_N12_g1.50,baseline,Jastrow SR,mz_error,5,0.0018890442674077469,0.00022546231037724144,0.0017154746594785554,0.0020626138753369384,0.0016348837017817752,0.0021843198329150604
main_b,tfim_N12_g1.50,baseline,Jastrow SR,mx_error,5,0.0007609318301098789,0.00023190637814886374,0.0005732236748188458,0.0009278946245755426,0.0004165197462214776,0.0010448077918332466
main_b,tfim_N12_g1.50,baseline,Jastrow SR,infidelity,5,7.19263441936624e-05,4.002707487970211e-06,6.898732796494223e-05,7.530881007067336e-05,6.834456129378719e-05,7.748363508086609e-05
main_b,tfim_N12_g1.50,baseline,Jastrow SR,mc_energy_error,5,-5.873707921478001e-06,5.730173332621138e-05,-5.393970806708691e-05,3.4704653518496756e-05,-9.056055666589468e-05,6.137317778712185e-05
main_b,tfim_N12_g1.50,baseline,Jastrow SR,n_params,5,78.0,0.0,78.0,78.0,78.0,78.0
main_b,tfim_N12_g1.50,baseline,Jastrow SR,runtime_s,5,0.5034053802490235,0.051011919581620636,0.46309375762939453,0.5437170028686523,0.44910120964050293,0.5508761405944824
main_b,tfim_N12_g1.50,baseline,RBM alpha=1 SR,energy,5,-20.064515564455263,2.3335169461423483e-05,-20.064535791929973,-20.064499256120666,-20.06455154408138,-20.06449267295691
main_b,tfim_N12_g1.50,baseline,RBM alpha=1 SR,rel_energy_error,5,5.438456567299789e-06,1.1630005458457045e-06,4.430340292651453e-06,6.2512469800612804e-06,3.6452694677370935e-06,6.579345006546008e-06
main_b,tfim_N12_g1.50,baseline,RBM alpha=1 SR,mz_error,5,0.000426490903605059,0.00020307845373348523,0.00027205567118540055,0.0005819774413777012,0.00016724963768888212,0.0006762756935059788
main_b,tfim_N12_g1.50,baseline,RBM alpha=1 SR,mx_error,5,0.00013261479625987783,2.6940451589257e-05,0.00011268211713790776,0.0001535561433869681,0.00010556875734990534,0.0001703190326366455
main_b,tfim_N12_g1.50,baseline,RBM alpha=1 SR,infidelity,5,1.2531560132678088e-05,2.8978272847224262e-06,1.013448569859854e-05,1.4616138578626981e-05,8.234461673084503e-06,1.579836787568567e-05
main_b,tfim_N12_g1.50,baseline,RBM alpha=1 SR,mc_energy_error,5,-7.429216434249816e-06,4.3691909122475345e-05,-3.9764209211476486e-05,2.7334062090032026e-05,-6.858197067206315e-05,4.3713145626953076e-05
main_b,tfim_N12_g1.50,baseline,RBM alpha=1 SR,n_params,5,168.0,0.0,168.0,168.0,168.0,168.0
main_b,tfim_N12_g1.50,baseline,RBM alpha=1 SR,runtime_s,5,1.1379818439483642,0.09344171215199763,1.068117618560791,1.2083438396453858,1.015242099761963,1.2398669719696045
main_b,tfim_N12_g1.50,method,RBM alpha=2 SR,energy,5,-20.06454982907442,2.736077723163106e-05,-20.06456715516661,-20.064526892698066,-20.064575362240788,-20.064504156454603
main_b,tfim_N12_g1.50,method,RBM alpha=2 SR,rel_energy_error,5,3.7307436293158665e-06,1.3636326454017809e-06,2.8672292371445838e-06,4.873868742303652e-06,2.458197207068275e-06,6.007019440701632e-06
main_b,tfim_N12_g1.50,method,RBM alpha=2 SR,mz_error,5,0.00018590753436775742,0.00010740125217670291,0.00010366866196815927,0.00026814640676735556,4.520756907910872e-05,0.0003005198108441687
main_b,tfim_N12_g1.50,method,RBM alpha=2 SR,mx_error,5,0.0001109432821094769,9.38783692135375e-05,4.99175616967662e-05,0.00019590294503977202,2.753193752069727e-05,0.0002708409097590403
main_b,tfim_N12_g1.50,method,RBM alpha=2 SR,infidelity,5,9.684046090585596e-06,3.6624610666620864e-06,7.319520590542971e-06,1.2714281025250073e-05,6.184844122514299e-06,1.5685091268369256e-05
main_b,tfim_N12_g1.50,method,RBM alpha=2 SR,mc_energy_error,5,3.893815749699555e-08,8.872407187086524e-06,-6.8617420721959204e-06,6.939618387189911e-06,-1.0109969798524553e-05,1.1190961789414022e-05
main_b,tfim_N12_g1.50,method,RBM alpha=2 SR,n_params,5,324.0,0.0,324.0,324.0,324.0,324.0
main_b,tfim_N12_g1.50,method,RBM alpha=2 SR,runtime_s,5,2.048775577545166,0.14619732282106637,1.9306700229644775,2.156765174865723,1.8445260524749756,2.181920051574707
main_b,tfim_N12_g1.50,baseline,RBM alpha=4 SR,energy,5,-20.06450697104537,1.956059470188961e-05,-20.06452139389827,-20.064491208021018,-20.064525592207833,-20.06447788226991
main_b,tfim_N12_g1.50,baseline,RBM alpha=4 SR,rel_energy_error,5,5.8667431674581835e-06,9.748796715949435e-07,5.147923197018349e-06,6.6523558870811515e-06,4.9386838206403205e-06,7.316497446312418e-06
main_b,tfim_N12_g1.50,baseline,RBM alpha=4 SR,mz_error,5,0.0002299599108303907,9.586550901733786e-05,0.00015572950693650833,0.00030419031472427304,0.00010144371159581667,0.00032037604462237246
main_b,tfim_N12_g1.50,baseline,RBM alpha=4 SR,mx_error,5,8.827234487749359e-05,4.397982093296756e-05,5.4394595832341075e-05,0.0001221500939226461,4.2927870745224084e-05,0.0001465917712419884
main_b,tfim_N12_g1.50,baseline,RBM alpha=4 SR,infidelity,5,1.52927031093153e-05,2.43426672186771e-06,1.3561652493065957e-05,1.736498198354752e-05,1.267175697472478e-05,1.8997927821340355e-05
main_b,tfim_N12_g1.50,baseline,RBM alpha=4 SR,mc_energy_error,5,-8.658037499682223e-08,1.7456729377817146e-05,-1.3312543599852691e-05,1.3139382849859048e-05,-2.0368344569123907e-05,2.132023306686501e-05
main_b,tfim_N12_g1.50,baseline,RBM alpha=4 SR,n_params,5,636.0,0.0,636.0,636.0,636.0,636.0
main_b,tfim_N12_g1.50,baseline,RBM alpha=4 SR,runtime_s,5,4.503965997695923,0.18253910325498632,4.351193952560425,4.6306939125061035,4.210079908370972,4.7005650997161865
